time,pos_x,pos_y,thx,thy,h,target_motor1,target_motor2,target_motor3,speed1,speed2,speed3,thx_original,thy_original
1791,0,0,3.12672e-05,3.12672e-05,120,331,331,331,500,500,500,0.0001,0.0001
1820,0,0,8.72672e-05,8.72672e-05,120,331,331,331,500,500,500,0.0001,0.0001
1831,0,0,8.72672e-05,8.72672e-05,120,331,331,331,500,500,500,0.0001,0.0001
1870,0,0,8.72672e-05,8.72672e-05,120,331,331,331,500,500,500,0.0001,0.0001
1912,0,0,8.72672e-05,8.72672e-05,120,331,331,331,500,500,500,0.0001,0.0001
1958,0,0,8.72672e-05,8.72672e-05,120,331,331,331,500,500,500,0.0001,0.0001
1984,0,0,8.72672e-05,8.72672e-05,120,331,331,331,500,500,500,0.0001,0.0001
2032,0,0,8.72672e-05,8.72672e-05,120,331,331,331,500,500,500,0.0001,0.0001
2066,0,0,8.72672e-05,8.72672e-05,120,331,331,331,500,500,500,0.0001,0.0001
2112,0,0,8.72672e-05,8.72672e-05,120,331,331,331,500,500,500,0.0001,0.0001
2143,0,0,8.72672e-05,8.72672e-05,120,331,331,331,500,500,500,0.0001,0.0001
2206,0,0,8.72672e-05,8.72672e-05,120,331,331,331,500,500,500,0.0001,0.0001
2238,0,0,8.72672e-05,8.72672e-05,120,331,331,331,500,500,500,0.0001,0.0001
2284,0,0,8.72672e-05,8.72672e-05,120,331,331,331,500,500,500,0.0001,0.0001
2330,0,0,8.72672e-05,8.72672e-05,120,331,331,331,500,500,500,0.0001,0.0001
2349,0,0,8.72672e-05,8.72672e-05,120,331,331,331,500,500,500,0.0001,0.0001
2408,0,0,8.72672e-05,8.72672e-05,120,331,331,331,500,500,500,0.0001,0.0001
2430,0,0,8.72672e-05,8.72672e-05,120,331,331,331,500,500,500,0.0001,0.0001
2477,0,0,8.72672e-05,8.72672e-05,120,331,331,331,500,500,500,0.0001,0.0001
2509,0,0,8.72672e-05,8.72672e-05,120,331,331,331,500,500,500,0.0001,0.0001
2565,0,0,8.72672e-05,8.72672e-05,120,331,331,331,500,500,500,0.0001,0.0001
2589,0,0,8.72672e-05,8.72672e-05,120,331,331,331,500,500,500,0.0001,0.0001
2638,0,0,8.72672e-05,8.72672e-05,120,331,331,331,500,500,500,0.0001,0.0001
2669,0,0,8.72672e-05,8.72672e-05,120,331,331,331,500,500,500,0.0001,0.0001
2717,0,0,8.72672e-05,8.72672e-05,120,331,331,331,500,500,500,0.0001,0.0001
2749,0,0,8.72672e-05,8.72672e-05,120,331,331,331,500,500,500,0.0001,0.0001
2798,0,0,8.72672e-05,8.72672e-05,120,331,331,331,500,500,500,0.0001,0.0001
2859,0,0,8.72672e-05,8.72672e-05,120,331,331,331,500,500,500,0.0001,0.0001
2877,0,0,8.72672e-05,8.72672e-05,120,331,331,331,500,500,500,0.0001,0.0001
2926,0,0,8.72672e-05,8.72672e-05,120,331,331,331,500,500,500,0.0001,0.0001
2958,0,0,8.72672e-05,8.72672e-05,120,331,331,331,500,500,500,0.0001,0.0001
3006,0,0,8.72672e-05,8.72672e-05,120,331,331,331,500,500,500,0.0001,0.0001
3037,0,0,8.72672e-05,8.72672e-05,120,331,331,331,500,500,500,0.0001,0.0001
3086,0,0,8.72672e-05,8.72672e-05,120,331,331,331,500,500,500,0.0001,0.0001
3118,0,0,8.72672e-05,8.72672e-05,120,331,331,331,500,500,500,0.0001,0.0001
3167,0,0,8.72672e-05,8.72672e-05,120,331,331,331,500,500,500,0.0001,0.0001
3198,0,0,8.72672e-05,8.72672e-05,120,331,331,331,500,500,500,0.0001,0.0001
3246,0,0,8.72672e-05,8.72672e-05,120,331,331,331,500,500,500,0.0001,0.0001
3277,0,0,8.72672e-05,8.72672e-05,120,331,331,331,500,500,500,0.0001,0.0001
3326,0,0,8.72672e-05,8.72672e-05,120,331,331,331,500,500,500,0.0001,0.0001
3360,0,0,8.72672e-05,8.72672e-05,120,331,331,331,500,500,500,0.0001,0.0001
3408,0,0,8.72672e-05,8.72672e-05,120,331,331,331,500,500,500,0.0001,0.0001
3482,0,0,8.72672e-05,8.72672e-05,120,331,331,331,500,500,500,0.0001,0.0001
3515,0,0,8.72672e-05,8.72672e-05,120,331,331,331,500,500,500,0.0001,0.0001
3543,0,0,8.72672e-05,8.72672e-05,120,331,331,331,500,500,500,0.0001,0.0001
3565,0,0,8.72672e-05,8.72672e-05,120,331,331,331,500,500,500,0.0001,0.0001
3617,0,0,8.72672e-05,8.72672e-05,120,331,331,331,500,500,500,0.0001,0.0001
3645,0,0,8.72672e-05,8.72672e-05,120,331,331,331,500,500,500,0.0001,0.0001
3695,0,0,8.72672e-05,8.72672e-05,120,331,331,331,500,500,500,0.0001,0.0001
3726,0,0,8.72672e-05,8.72672e-05,120,331,331,331,500,500,500,0.0001,0.0001
3779,0,0,8.72672e-05,8.72672e-05,120,331,331,331,500,500,500,0.0001,0.0001
3805,0,0,8.72672e-05,8.72672e-05,120,331,331,331,500,500,500,0.0001,0.0001
3855,0,0,8.72672e-05,8.72672e-05,120,331,331,331,500,500,500,0.0001,0.0001
3886,19,237,-0.15628,0.156392,120,452,206,372,700,700,700,-0.5,0.5
3934,38,244,-0.28305,0.281311,120,591,136,408,700,700,700,-0.00975333,0.00419333
3967,65,250,0.0160721,0.00141835,120,320,336,338,700,700,700,0.0688709,-0.00297409
4049,95,256,0.0386615,0.00282322,120,306,343,346,406,203,232,0.000300122,0.014356
4062,126,262,0.120988,-0.0105443,120,255,381,368,700,700,638,0.386412,-0.059435
4094,155,267,0.252395,-0.034162,120,187,453,404,700,700,700,0.115152,-0.00280935
4144,191,275,0.0927461,-0.00304749,120,272,366,362,700,700,700,0.090385,-0.004715
4175,228,281,0.110155,-0.00671451,120,262,375,366,290,261,116,0.190422,-0.01303
4224,266,289,0.146121,-0.0101484,120,241,391,378,609,464,348,0.126282,-0.0091201
4254,299,292,0.131339,-0.00479302,120,249,382,375,232,261,87,0.19388,0.001005
4306,326,295,0.142223,0.00285468,120,243,381,384,174,29,261,0.10762,0.00733
4333,350,298,0.117984,0.0031651,120,257,371,375,406,290,261,0.184593,-0.00300538
4389,366,297,0.129553,0.00467695,120,250,375,381,203,116,174,0.0837314,0.0203407
4438,380,296,0.0752588,0.0181084,120,283,347,369,700,700,348,0.0907314,0.0214844
4464,385,293,0.0758499,0.0244975,120,282,343,373,29,116,116,0.080085,0.03987
4492,394,289,0.0780495,0.0365915,120,281,336,382,29,203,261,0.106188,0.0456207
4544,391,286,0.072835,0.0358329,120,284,335,380,87,29,58,0.04276,0.032895
4577,388,282,0.0358248,0.0328401,120,308,324,364,696,319,464,0.0379925,0.046115
4624,384,278,0.0338521,0.0387575,120,309,320,367,29,116,87,0.0402219,0.0413631
4672,377,274,0.0315842,0.0367499,120,310,321,365,29,29,58,0.0289759,0.0434531
4704,368,272,0.0178688,0.0371626,120,319,316,360,261,145,145,0.0052525,0.04103
4751,358,268,0.007683,0.037689,120,326,312,357,203,116,87,0.0151648,0.0470531
4783,350,267,0.0104665,0.0386108,120,324,312,358,58,0,29,0.00631403,0.0392139
4845,344,266,0.0138302,0.0337403,120,322,316,357,58,116,29,0.0329237,0.0376769
4860,337,265,0.00884345,0.0359192,120,325,313,356,87,87,29,-0.0306833,0.0473983
4908,331,265,-0.00898664,0.0380775,120,337,306,351,348,203,145,0.0262129,0.03689
4956,327,265,0.0251074,0.0324508,120,315,321,360,638,435,261,0.0333519,0.037715
5003,325,266,0.0315469,0.0319257,120,310,323,362,145,58,58,0.041161,0.034558
5035,321,266,0.0312654,0.031542,120,310,323,361,0,0,29,0.0262745,0.038985
5083,321,266,0.0301675,0.0342744,120,311,321,363,29,58,58,0.049425,0.039795
5114,321,267,0.0435117,0.0330953,120,303,327,367,232,174,116,0.05064,0.0345733
5162,320,269,0.0433505,0.0297485,120,303,329,365,0,58,58,0.0479483,0.0332217
5193,319,269,0.041497,0.0314456,120,304,327,365,29,58,0,0.0468411,0.04107
5240,317,272,0.040472,0.0323446,120,305,326,365,29,29,0,0.045546,0.0298889
5288,315,274,0.0398796,0.027211,120,305,329,362,0,87,87,0.045971,0.033496
5320,312,276,0.0372449,0.028051,120,307,327,361,58,58,29,0.0367834,0.0297223
5381,310,279,0.0356105,0.0266169,120,308,328,360,29,29,29,0.0480112,0.0318943
5395,306,280,0.0283257,0.0267289,120,312,325,357,116,87,87,0.00460357,0.0283621
5443,302,282,0.0146278,0.0262922,120,321,321,352,261,116,145,0.0385383,0.0332917
5475,299,285,0.033026,0.0261201,120,309,327,359,348,174,203,0.0366025,0.0239125
5523,295,287,0.0322216,0.023525,120,310,328,357,29,29,58,0.0374969,0.032411
5555,291,290,0.0301891,0.0252144,120,311,327,357,29,29,0,0.0293945,0.0225934
5603,289,291,0.0302594,0.0237562,120,311,328,356,0,29,29,0.044131,0.035513
5635,289,293,0.0410035,0.0287077,120,304,328,363,203,0,203,0.0521,0.02821
5682,287,296,0.0432059,0.0243316,120,303,332,361,29,116,58,0.044871,0.0272939
5714,286,298,0.0398112,0.0236665,120,305,331,360,58,29,29,0.0469611,0.0268073
5762,283,301,0.0391768,0.0231912,120,305,331,359,0,0,29,0.0411889,0.0261589
5794,278,331,0.0306629,-0.0269457,120,311,358,326,174,700,700,0.0242975,-0.13303
5842,273,364,0.023462,-0.107398,120,316,408,279,145,700,700,0.0315199,-0.105227
5890,268,393,0.0270907,-0.0908206,120,313,399,289,87,261,290,0.0301899,-0.102004
5923,261,420,0.0197055,-0.104491,120,318,405,279,145,174,290,0.0089525,-0.151498
5970,255,444,0.0120682,-0.117709,120,323,411,270,145,174,261,0.0225629,-0.105129
6002,251,462,0.0192309,-0.0980997,120,318,400,282,145,319,348,0.0210945,-0.12546
6050,0,0,0.0118442,-0.0702262,120,323,379,295,500,500,500,0.0001,0.0001
6082,0,0,8.72672e-05,8.72672e-05,120,331,331,331,500,500,500,0.0001,0.0001
6130,0,0,8.72672e-05,8.72672e-05,120,331,331,331,500,500,500,0.0001,0.0001
6162,240,478,-0.00596528,-0.0373771,120,335,352,308,116,609,667,-0.0192575,-0.11972
6210,239,474,0.000244775,-0.0737542,120,331,377,290,116,700,522,0.0352733,-0.0214633
6242,243,463,0.0391998,-0.00376569,120,305,347,343,700,700,700,0.0621955,0.0263976
6289,247,447,0.052412,0.0234256,120,297,335,364,232,348,609,0.0562331,0.0276423
6321,251,432,0.0516829,0.0320599,120,297,330,369,0,145,145,0.06458,0.0530275
6370,259,410,0.0595365,0.0477074,120,292,324,382,145,174,377,0.0747483,0.0576067
6401,267,384,0.0710911,0.0730355,120,285,313,404,203,319,638,0.093491,0.130411
6455,273,361,0.0746986,0.0946164,120,283,302,420,58,319,464,0.0714603,0.0690386
6503,280,336,0.0650492,0.0675264,120,289,314,398,174,348,638,0.0800567,0.0923167
6535,285,309,0.071443,0.10218,120,285,297,424,116,493,700,0.0851094,0.161455
6583,292,286,0.0744609,0.122747,120,283,286,440,58,319,464,0.0857117,0.103408
6615,294,267,0.0708408,0.09866,120,285,298,421,58,348,551,0.073055,0.130333
6663,295,250,0.0619292,0.103592,120,291,293,421,174,145,0,0.067222,0.0978844
6694,295,235,0.0577898,0.0939549,120,293,297,413,58,116,232,0.06443,0.125178
6743,291,229,0.0515982,0.0912473,120,297,296,408,116,29,145,0.0496283,0.067635
6774,287,225,0.0404342,0.0603494,120,305,310,383,232,406,700,0.0404333,0.0718767
6821,282,224,0.0363674,0.0573281,120,307,310,380,58,0,87,0.0438949,0.054617
6853,277,224,0.0350136,0.046982,120,308,316,373,29,174,203,0.0333656,0.05244
6901,271,228,0.0303937,0.0412329,120,311,318,367,87,58,174,0.0374479,0.0379519
6933,264,233,0.0268093,0.0289309,120,313,323,358,58,145,261,0.0186729,0.0245556
6976,257,241,0.0189586,0.0196082,120,319,326,350,174,87,232,0.0271906,0.0187321
7009,249,248,0.0182596,0.0141803,120,319,329,346,0,87,116,0.0097,0.0118025
7057,242,258,0.0132451,0.0100498,120,322,330,342,87,29,116,0.0249883,0.0110033
7105,234,267,0.0197956,0.00997334,120,318,332,344,116,58,58,0.0185567,0.01219
7137,229,275,0.0161488,0.0066513,120,320,333,341,58,29,87,0.0184125,-0.00056
7185,212,299,0.00315571,-0.0168707,120,329,342,323,261,261,522,-0.0228844,-0.0529535
7216,192,325,-0.0374514,-0.0665182,120,358,359,282,700,493,700,-0.0787924,-0.117901
7265,175,348,-0.0554576,-0.0864257,120,371,365,266,377,174,464,-0.0362483,-0.0652483
7296,158,373,-0.0442015,-0.0773214,120,362,363,274,261,58,232,-0.0764458,-0.130432
7360,0,0,-0.0427784,-0.0730105,120,361,361,277,500,500,500,0.0001,0.0001
7375,0,0,8.72672e-05,8.72672e-05,120,331,331,331,500,500,500,0.0001,0.0001
7422,0,0,8.72672e-05,8.72672e-05,120,331,331,331,500,500,500,0.0001,0.0001
7465,0,0,8.72672e-05,8.72672e-05,120,331,331,331,500,500,500,0.0001,0.0001
7503,127,417,-0.0419825,-0.0646771,120,361,356,282,700,700,700,-0.134449,-0.207032
7533,0,0,-0.0752603,-0.115907,120,385,376,246,500,500,500,0.0001,0.0001
7603,138,407,0.0105794,0.0052597,120,324,332,338,700,700,700,0.0336564,0.0166427
7619,0,0,0.0188789,0.00935117,120,319,332,343,500,500,500,0.0001,0.0001
7667,0,0,8.72672e-05,8.72672e-05,120,331,331,331,500,500,500,0.0001,0.0001
7715,174,368,0.0464495,0.0457057,120,301,320,376,700,319,700,0.148378,0.145999
7746,0,0,0.0831228,0.0817906,120,278,312,414,500,500,500,0.0001,0.0001
7792,210,326,0.0511336,0.0546993,120,298,317,384,580,145,700,0.163358,0.174762
7824,229,305,0.135565,0.142354,120,247,295,483,700,638,700,0.140994,0.142281
7871,249,283,0.115312,0.115619,120,259,303,453,348,232,700,0.116275,0.114949
7903,266,263,0.109072,0.11111,120,262,304,446,87,29,203,0.140588,0.14948
7951,282,248,0.114492,0.116169,120,259,303,453,87,29,203,0.114377,0.103815
7983,297,236,0.108544,0.0952726,120,263,312,435,116,261,522,0.142298,0.11877
8041,306,230,0.108806,0.0902918,120,262,315,431,29,87,116,0.0931293,0.0760562
8073,312,226,0.0843055,0.0686106,120,277,320,406,435,145,700,0.102833,0.0832155
8121,313,226,0.0810109,0.0662021,120,279,320,403,58,0,87,0.0749167,0.06269
8152,313,228,0.0646127,0.0513768,120,289,323,387,290,87,464,0.07247,0.0520367
8200,308,233,0.0574774,0.0432785,120,294,325,379,145,58,232,0.0540317,0.0452167
8231,303,241,0.0438638,0.030774,120,302,328,366,232,87,377,0.0435156,0.017439
8279,294,251,0.0358501,0.0170912,120,307,333,354,145,145,348,0.03672,0.0234283
8327,283,262,0.0285685,0.0181469,120,312,330,352,145,87,58,0.0256028,0.0160778
8359,271,276,0.0136825,0.00189027,120,322,335,337,290,145,435,-0.002095,-0.02275
8407,261,289,0.00579931,-0.0125778,120,327,341,326,145,174,319,0.0222998,0.000518723
8439,253,303,0.0166667,-0.00955242,120,320,343,322,203,58,116,0.013365,-0.03148
8487,244,314,0.0140192,-0.0175736,120,322,347,326,58,116,116,0.0209,0.000176667
8519,236,326,0.0135938,-0.00958184,120,322,342,330,0,145,116,0.00604403,-0.0309615
8560,230,334,0.0105095,-0.0177561,120,324,346,324,58,116,174,0.022787,-0.00133573
8592,224,342,0.0166446,-0.00548998,120,320,340,334,116,174,290,0.0124218,-0.015166
8657,224,347,0.021053,-0.00428029,120,317,341,336,87,29,58,0.045085,0.0134731
8672,225,350,0.0431802,0.00398717,120,303,344,349,406,87,377,0.0573529,-0.0113786
8736,225,351,0.0461831,0.000361882,120,301,347,348,58,87,29,0.044985,0.0215366
8752,227,349,0.0465023,0.0268082,120,301,-2147483648,364,0,700,464,0.0681567,0.0471667
8800,235,354,0.0622907,0.0277125,120,291,336,370,290,700,174,0.0771512,0.00415489
8832,252,393,0.088435,-0.0601115,120,275,402,326,464,700,700,0.144657,-0.199693
8880,265,429,0.114242,-0.154649,120,259,483,281,464,700,700,0.106291,-0.136953
8927,278,460,0.0943583,-0.117909,120,271,445,295,348,700,406,0.111411,-0.131818
8959,290,487,0.104647,-0.130008,120,265,459,292,174,406,87,0.135146,-0.17971
9006,0,0,0.0757133,-0.100606,120,282,425,299,500,500,500,0.0001,0.0001
9038,0,0,8.72672e-05,8.72672e-05,120,331,331,331,500,500,500,0.0001,0.0001
9111,0,0,8.72672e-05,8.72672e-05,120,331,331,331,500,500,500,0.0001,0.0001
9124,0,0,8.72672e-05,8.72672e-05,120,331,331,331,500,500,500,0.0001,0.0001
9172,0,0,8.72672e-05,8.72672e-05,120,331,331,331,500,500,500,0.0001,0.0001
9204,0,0,8.72672e-05,8.72672e-05,120,331,331,331,500,500,500,0.0001,0.0001
9252,0,0,8.72672e-05,8.72672e-05,120,331,331,331,500,500,500,0.0001,0.0001
9284,320,542,0.0565347,-0.0710069,120,294,397,309,700,700,638,0.180633,-0.227277
9333,321,535,0.12809,-0.13672,120,251,475,295,700,700,406,0.0861467,-0.0302083
9364,322,522,0.0762791,-0.0113479,120,282,365,351,700,700,700,0.0896689,0.0178103
9430,324,505,0.0787852,0.0081467,120,280,354,364,58,319,377,0.0913758,-0.00584346
9444,332,488,0.109786,0.0466156,120,262,341,401,522,377,700,0.187468,0.159554
9511,332,467,0.133656,0.0932149,120,248,322,444,406,551,700,0.091705,0.0123609
9557,330,445,0.0779205,0.0211172,120,281,346,372,700,696,700,0.0849637,0.0453993
9572,330,415,0.0685396,0.114424,120,287,289,432,174,700,700,0.0670348,0.284643
9616,327,389,0.063294,0.184942,120,290,250,484,87,700,700,0.0823691,0.0816895
9648,316,365,0.0557968,0.0834459,120,295,302,405,145,700,700,0.0309274,0.120573
9696,306,344,0.0337564,0.0900043,120,309,291,401,406,319,116,0.0525698,0.0719074
9728,295,322,0.037968,0.0779436,120,306,299,394,87,232,203,0.0272775,0.120495
9775,282,306,0.0261482,0.0885207,120,314,290,397,232,261,87,0.0347737,0.0673023
9808,268,290,0.0203925,0.0691066,120,318,299,382,116,261,435,0.00294,0.10048
9855,255,277,0.00976609,0.0774355,120,325,291,383,203,232,29,0.0259687,0.0676963
9887,240,267,0.0100031,0.0628638,120,325,299,374,0,232,261,-0.0145181,0.0798087
9935,226,260,-0.00438065,0.0614643,120,334,295,367,261,116,203,0.0119917,0.0536391
9967,213,257,0.00245823,0.0446605,120,330,306,359,116,319,232,-0.0136153,0.0467666
10015,202,253,-0.00341359,0.0409437,120,334,307,355,116,29,116,0.0134678,0.0471881
10046,192,251,0.00572729,0.0406277,120,327,310,358,203,87,87,-0.00580371,0.0454227
10093,184,251,0.00189613,0.0365335,120,330,311,354,87,29,116,0.0164588,0.03549
10126,178,250,0.0127989,0.0330196,120,323,316,356,203,145,58,0.0114559,0.0420415
10182,173,251,0.013968,0.0343254,120,322,316,357,29,0,29,0.0241555,0.0344841
10231,170,250,0.0219332,0.0326049,120,317,320,359,145,116,58,0.026885,0.0425167
10263,167,250,0.02113,0.036324,120,317,317,361,0,87,58,0.0194275,0.040025
10310,165,249,0.0191045,0.0365021,120,318,317,360,29,0,29,0.026306,0.045057
10342,164,249,0.0230378,0.038522,120,316,317,363,58,0,87,0.0265661,0.042505
10390,164,250,0.0245417,0.0361808,120,315,319,362,29,58,29,0.03091,0.039588
10422,165,251,0.0284466,0.0341778,120,312,321,362,87,58,0,0.0356189,0.0384061
10469,166,252,0.0302622,0.0343091,120,311,321,363,29,0,29,0.032992,0.040943
10501,168,253,0.0308636,0.0354045,120,311,321,364,0,0,29,0.03962,0.0399025
10549,189,263,0.0570618,0.0243464,120,294,336,366,493,435,58,0.111537,0.00639979
10581,221,295,0.131867,-0.0413592,120,249,406,353,700,700,377,0.221979,-0.143739
10629,248,322,0.172373,-0.104068,120,227,469,329,638,700,696,0.153725,-0.0753946
10661,272,348,0.146258,-0.0814237,120,241,440,333,406,700,116,0.192445,-0.12538
10701,293,372,0.158528,-0.100991,120,234,461,326,203,609,203,0.16234,-0.098435
10733,306,390,0.137786,-0.0871708,120,246,441,327,348,580,29,0.14992,-0.102495
10816,314,402,0.114949,-0.068057,120,259,418,330,377,667,87,0.0991254,-0.034093
10829,0,0,0.0555415,-0.0190608,120,295,362,339,500,500,500,0.0001,0.0001
10861,319,418,0.0353549,-0.0324703,120,308,364,324,377,58,435,0.112894,-0.104027
10925,320,419,0.0912616,-0.0647512,120,273,406,324,700,700,0,0.0896813,-0.0207762
10956,314,415,0.0668343,-0.0104495,120,288,361,348,435,700,696,0.0531318,0.00379048
11005,303,408,0.043565,0.00455421,120,303,344,349,435,493,29,0.0441717,0.00777667
11020,290,401,0.00347341,0.0242263,120,329,318,347,700,700,58,-0.0680033,0.0635533
11084,276,388,-0.0262683,0.0425566,120,350,298,348,609,580,29,0.0377825,0.0222813
11100,258,372,-0.0210712,0.0668522,120,346,287,365,116,319,493,-0.13506,0.173903
11165,241,353,-0.0700528,0.112767,120,382,249,376,700,700,319,0.0178488,0.0491938
11180,224,338,-0.0367846,0.0856579,120,357,272,371,700,667,145,-0.149614,0.185848
11239,210,322,-0.0803048,0.12139,120,389,242,378,700,700,203,0.011126,0.0553767
11272,199,308,0.00265439,0.0587543,120,330,299,368,700,700,290,-0.0114375,0.08873
11320,190,296,-0.00289526,0.0688915,120,333,291,373,87,232,145,0.011225,0.061415
11352,186,287,0.0122125,0.0568781,120,323,303,371,290,348,58,0.0189545,0.0719148
11399,184,282,0.0206563,0.0537063,120,317,307,372,174,116,29,0.032116,0.0429651
11448,187,281,0.0336904,0.0332395,120,309,323,363,232,464,261,0.05023,0.0293567
11480,191,281,0.0475787,0.0246943,120,300,333,363,261,290,0,0.0622055,0.0264
11527,199,285,0.0571571,0.0182412,120,294,340,363,174,203,0,0.0713912,0.0110569
11559,207,289,0.0676915,0.00702186,120,287,351,359,203,319,116,0.088631,0.00265452
11607,217,294,0.0756888,0.003213,120,282,356,360,145,145,29,0.0833317,0.00552167
11639,248,297,0.118232,0.00499111,120,257,370,377,700,406,493,0.228885,0.00607339
11687,278,298,0.183977,0.00930683,120,221,393,405,700,667,700,0.178466,0.018888
11719,299,296,0.159271,0.0212675,120,234,375,403,377,522,58,0.189752,0.03419
11773,316,295,0.149976,0.0277441,120,239,368,404,145,203,29,0.139808,0.0274975
11788,333,293,0.167495,0.0304262,120,229,373,413,290,145,261,0.285292,0.0480617
11852,342,291,0.197781,0.0368971,120,213,380,430,464,203,493,0.121591,0.0319268
11868,346,287,0.113625,0.0409412,120,260,346,399,700,700,700,0.145628,0.0737583
11932,338,286,0.105851,0.0512918,120,264,337,403,116,261,116,0.077715,0.0319412
11964,332,285,0.0639509,0.0290319,120,290,336,372,700,29,700,0.0653418,0.0356439
12012,319,283,0.0518618,0.0319979,120,297,330,369,203,174,87,0.0488383,0.0384983
12061,299,282,0.0329562,0.0327767,120,309,323,363,348,203,174,0.0179317,0.0358767
12092,276,280,-0.00398911,0.034037,120,334,310,350,700,377,377,-0.044874,0.0446027
12140,250,281,-0.0319262,0.0344368,120,354,301,341,580,261,261,-0.0217376,0.030253
12171,223,281,-0.0388954,0.0277148,120,359,303,334,145,58,203,-0.0854645,0.034455
12219,194,280,-0.0637902,0.0314723,120,377,293,328,522,290,174,-0.0509483,0.0389467
12251,165,280,-0.0655974,0.0330679,120,378,291,328,29,58,0,-0.118547,0.036005
12293,138,280,-0.0913316,0.0316081,120,398,284,319,580,203,261,-0.0797807,0.036605
12325,116,279,-0.0761633,0.0339605,120,386,287,325,348,87,174,-0.1007,0.0430539
12373,97,278,-0.0743937,0.0372946,120,385,286,328,29,29,87,-0.0575734,0.042167
12405,85,278,-0.0513708,0.035864,120,368,294,335,493,232,203,-0.0611815,0.03918
12453,74,277,-0.046979,0.0356098,120,364,296,336,116,58,29,-0.0406733,0.0437167
12485,85,267,-0.00397531,0.0555324,120,334,298,364,700,58,700,0.0601326,0.0993087
12532,113,244,0.0677497,0.0984025,120,287,297,420,700,29,700,0.108982,0.136851
12564,147,223,0.125022,0.132176,120,253,297,470,700,0,700,0.204662,0.177626
12612,182,200,0.162621,0.147551,120,232,301,500,609,116,700,0.153548,0.153773
12660,219,183,0.140163,0.130052,120,244,303,475,348,58,700,0.173267,0.140528
12692,254,171,0.174141,0.126398,120,226,317,488,522,406,377,0.24662,0.152561
12740,284,164,0.192624,0.121975,120,216,325,494,290,232,174,0.174356,0.116864
12772,310,161,0.164588,0.100125,120,231,329,463,435,116,700,0.21412,0.110918
12832,331,162,0.165313,0.091542,120,230,334,456,29,145,203,0.145218,0.0941186
12846,347,166,0.170809,0.0681332,120,228,350,441,58,464,435,0.286201,0.0493386
12911,355,172,0.196969,0.0533743,120,214,369,442,406,551,29,0.117363,0.0823377
12927,360,181,0.114705,0.0445348,120,259,344,401,700,700,700,0.156657,-0.005035
12991,356,191,0.115723,0.0185721,120,258,361,385,29,493,464,0.0895363,0.0684159
13007,349,203,0.0580009,0.0275116,120,293,335,369,700,700,464,0.02514,-0.034545
13072,332,212,0.0296459,0.00176601,120,312,340,343,551,145,700,0.0497887,0.0675188
13087,310,226,-0.0224704,0.0156947,120,347,315,333,700,700,290,-0.161038,-0.0707317
13135,0,0,-0.0901502,-0.0395785,120,397,324,280,500,500,500,0.0001,0.0001
13167,249,253,-0.0802952,-0.0199386,120,389,316,294,232,232,406,-0.256983,-0.0639475
13215,216,266,-0.163204,-0.0265216,120,458,293,265,700,667,700,-0.061705,0.0297083
13263,183,276,-0.0577269,0.0283598,120,372,296,328,700,87,700,-0.07411,0.0374933
13296,150,289,-0.0869789,0.020922,120,394,291,314,638,145,406,-0.145448,-0.0002375
13349,121,299,-0.105488,0.0101688,120,409,291,302,435,0,348,-0.0768777,0.0329477
13381,97,307,-0.0806081,0.0248714,120,390,291,319,551,0,493,-0.120115,0.020535
13429,79,311,-0.0880372,0.0262896,120,395,288,317,145,87,58,-0.0664364,0.0473019
13461,64,316,-0.0650032,0.036969,120,378,289,331,493,29,406,-0.0889075,0.0335175
13509,52,321,-0.0681545,0.0314664,120,380,291,327,58,58,116,-0.05874,0.0406067
13540,49,320,-0.0443403,0.0427973,120,363,293,342,493,58,435,-0.0366066,0.0641489
13589,69,289,-0.00371931,0.0914323,120,334,279,387,700,406,700,0.0536678,0.177531
13621,90,258,0.0627411,0.178136,120,290,254,478,700,700,700,0.104541,0.25176
13669,109,227,0.0781753,0.205437,120,281,244,509,261,290,700,0.0627884,0.206133
13701,138,201,0.0837095,0.190502,120,277,253,499,116,261,290,0.155268,0.240086
13749,168,165,0.123956,0.211776,120,254,254,539,667,29,700,0.118355,0.247315
13781,199,150,0.126418,0.204118,120,252,259,533,58,145,174,0.19234,0.209873
13829,228,138,0.15061,0.173169,120,239,282,517,377,667,464,0.137204,0.177949
13888,255,133,0.114706,0.147726,120,259,285,478,580,87,700,0.121123,0.153755
13902,278,134,0.170976,0.126562,120,227,315,487,700,700,261,0.329891,0.129397
13967,298,139,0.219633,0.112867,120,202,341,499,700,700,348,0.1116,0.129224
13981,315,148,0.147536,0.0825738,120,240,333,442,700,232,700,0.271979,0.0326493
14046,325,166,0.182602,0.0464655,120,221,368,431,551,700,319,0.0968875,0.0901325
14062,331,186,0.0985907,0.0211732,120,268,353,380,700,435,700,0.14179,-0.0937117
14126,329,210,0.101012,-0.0329506,120,267,388,347,29,700,700,0.0691125,0.062455
14142,316,237,0.0148404,-0.0238075,120,321,351,322,700,700,700,-0.0763183,-0.188
14206,0,0,-0.042707,-0.105249,120,361,381,260,500,500,500,0.0001,0.0001
14221,0,0,8.72672e-05,8.72672e-05,120,331,331,331,500,500,500,0.0001,0.0001
14286,0,0,8.72672e-05,8.72672e-05,120,331,331,331,500,500,500,0.0001,0.0001
14301,0,0,8.72672e-05,8.72672e-05,120,331,331,331,500,500,500,0.0001,0.0001
14365,169,381,-0.0937455,-0.100589,120,400,360,248,700,700,700,-0.3,-0.321886
14389,135,406,-0.241731,-0.217914,120,537,380,163,700,580,700,-0.235808,-0.120438
14437,0,0,-0.132021,-0.0674142,120,431,326,253,500,500,500,0.0001,0.0001
14485,0,0,8.72672e-05,8.72672e-05,120,331,331,331,500,500,500,0.0001,0.0001
14516,44,463,-0.15628,-0.0868763,120,452,329,237,700,58,700,-0.5,-0.278031
14564,0,0,-0.279969,-0.155666,120,586,326,177,500,500,500,0.0001,0.0001
14596,0,0,8.72672e-05,8.72672e-05,120,331,331,331,500,500,500,0.0001,0.0001
14644,0,0,8.72672e-05,8.72672e-05,120,331,331,331,500,500,500,0.0001,0.0001
14676,0,0,8.72672e-05,8.72672e-05,120,331,331,331,500,500,500,0.0001,0.0001
14724,0,0,8.72672e-05,8.72672e-05,120,331,331,331,500,500,500,0.0001,0.0001
14757,0,0,8.72672e-05,8.72672e-05,120,331,331,331,500,500,500,0.0001,0.0001
14804,0,0,8.72672e-05,8.72672e-05,120,331,331,331,500,500,500,0.0001,0.0001
14836,0,0,8.72672e-05,8.72672e-05,120,331,331,331,500,500,500,0.0001,0.0001
14884,0,0,8.72672e-05,8.72672e-05,120,331,331,331,500,500,500,0.0001,0.0001
14916,0,0,8.72672e-05,8.72672e-05,120,331,331,331,500,500,500,0.0001,0.0001
14970,21,368,-0.0354346,0.114542,120,356,258,390,700,700,700,-0.113507,0.366154
15002,40,341,-0.0426953,0.275172,120,361,183,513,145,700,700,0.0667435,0.22428
15049,61,315,0.0508752,0.1817,120,298,248,476,700,700,700,0.0431724,0.179433
15098,87,287,0.0448452,0.161407,120,302,257,457,116,261,551,0.0661033,0.194852
15130,113,260,0.0743321,0.18712,120,283,252,491,551,145,700,0.11934,0.249473
15177,138,236,0.0914879,0.203022,120,273,249,514,290,87,667,0.0788605,0.202504
15225,168,219,0.0767126,0.170736,120,282,261,479,261,348,700,0.104105,0.183368
15257,198,210,0.112154,0.158128,120,260,279,485,638,522,174,0.172241,0.177315
15288,225,206,0.14805,0.147137,120,240,296,493,580,493,232,0.165015,0.153005
15335,254,212,0.133744,0.119729,120,248,307,464,232,319,700,0.132204,0.108888
15368,282,223,0.132344,0.0827884,120,249,328,436,29,609,700,0.18649,0.0697575
15416,305,238,0.144526,0.0612795,120,242,345,425,203,493,319,0.128223,0.07105
15444,325,259,0.128388,0.0352598,120,251,355,401,261,290,696,0.180966,-0.0144822
15491,335,282,0.1314,0.000353514,120,249,378,379,58,667,638,0.0961352,0.0270685
15524,342,312,0.085457,-0.00344404,120,276,364,359,700,406,580,0.101133,-0.059495
15573,344,339,0.0795494,-0.0350306,120,280,382,338,116,522,609,0.0732883,-0.00548
15603,341,368,0.0565719,-0.0296641,120,294,370,333,406,348,145,0.04967,-0.0850583
15652,334,393,0.0405842,-0.0536083,120,304,379,314,290,261,551,0.0408383,-0.0191117
15700,324,423,0.0316159,-0.0259812,120,310,358,327,174,609,377,0.0279733,-0.048865
15733,312,443,0.014577,-0.0454087,120,321,364,310,319,174,493,-0.00348,-0.05771
15780,299,464,0.00104776,-0.0438638,120,331,358,306,290,174,116,0.00958372,-0.0369274
15812,285,479,-0.00226049,-0.0365828,120,333,353,309,58,145,87,-0.0243942,-0.0508631
15861,273,492,-0.01173,-0.0352923,120,339,348,307,174,145,58,0.006175,-0.0217767
15892,264,501,0.00237308,-0.0218736,120,330,345,319,261,87,348,-0.00346984,-0.0309548
15941,255,505,0.00152286,-0.0173165,120,330,342,322,0,87,87,0.011085,5.83333e-05
15988,0,0,0.00623887,6.39338e-05,120,327,333,333,500,500,500,0.0001,0.0001
16018,0,0,8.72672e-05,8.72672e-05,120,331,331,331,500,500,500,0.0001,0.0001
16050,232,513,-0.0285031,-0.0109941,120,351,328,315,580,87,464,-0.091339,-0.035341
16097,231,512,-0.0415546,-0.016784,120,360,327,308,261,29,203,0.030688,0.00961702
16130,232,506,0.0296445,0.0170122,120,312,321,352,700,174,700,0.0398475,0.037185
16178,235,500,0.0367397,0.0289406,120,307,327,362,145,174,290,0.046135,0.02596
16210,242,491,0.0497166,0.0316251,120,299,330,368,232,87,174,0.0763771,0.0546498
16259,252,480,0.066874,0.0448941,120,288,328,383,319,58,435,0.0770867,0.0457033
16306,263,468,0.0699496,0.0418932,120,286,330,382,58,58,29,0.0856522,0.0521293
16339,277,454,0.0872665,0.056079,120,275,328,398,319,58,464,0.125695,0.08599
16387,291,439,0.10404,0.0698336,120,265,326,415,290,58,493,0.107623,0.0693353
16419,304,424,0.1021,0.0704164,120,266,325,414,29,29,29,0.133785,0.101028
16467,315,409,0.108197,0.0802794,120,263,321,424,87,116,290,0.106428,0.07581
16500,327,394,0.10235,0.075757,120,266,322,418,87,29,174,0.136725,0.106513
16553,337,382,0.110962,0.0810918,120,261,321,425,145,29,203,0.110005,0.0685856
16584,342,372,0.0955684,0.0658148,120,270,325,408,261,116,493,0.108629,0.0876537
16632,345,367,0.0904381,0.0653278,120,273,324,406,87,29,58,0.0946861,0.0519451
16663,345,361,0.0797295,0.0504286,120,280,329,392,203,145,406,0.08541,0.0682482
16711,344,357,0.0737823,0.0540584,120,283,325,392,87,116,0,0.083003,0.0506581
16743,341,355,0.0685667,0.0431681,120,287,329,383,116,116,261,0.0706334,0.0473327
16791,333,355,0.0572969,0.0377125,120,294,329,375,203,0,232,0.0567438,0.03584
16822,323,355,0.0407147,0.0311124,120,304,327,365,290,58,290,0.0285863,0.035315
16870,314,356,0.0312766,0.0294092,120,310,325,360,174,58,145,0.0488318,0.030808
16917,301,359,0.0366342,0.0240384,120,307,330,359,87,145,29,0.0297065,0.021703
16949,287,362,0.0163793,0.0168977,120,320,327,347,377,87,348,-0.00082,0.0151725
16997,273,362,0.00532889,0.0180268,120,328,323,344,232,116,87,0.0185117,0.03048
17045,259,364,0.0147117,0.0239119,120,321,322,351,203,29,203,0.0138967,0.021886
17074,246,364,0.00273816,0.0211548,120,329,320,345,232,58,174,-0.0161319,0.02846
17106,234,364,-0.0115243,0.0246299,120,339,313,342,290,203,87,-0.007965,0.0278
17154,221,363,-0.003232,0.025299,120,334,316,345,145,87,87,0.00392872,0.031122
17186,213,361,0.00341139,0.0294842,120,329,315,350,145,29,145,0.00387403,0.0385577
17235,204,360,0.0059778,0.0312482,120,327,315,352,58,0,58,0.01218,0.0308817
17267,199,357,0.0115507,0.0309802,120,324,317,354,87,58,58,0.0151275,0.0437725
17315,195,354,0.0163341,0.0367775,120,320,315,359,116,58,145,0.0251469,0.0392261
17347,193,350,0.0226002,0.0379943,120,316,317,362,116,58,87,0.0272423,0.0512605
17396,192,345,0.0257609,0.0438418,120,314,315,367,58,58,145,0.0335983,0.0484083
17428,192,341,0.0302026,0.0439055,120,311,316,369,87,29,58,0.03642,0.0537205
17475,194,337,0.0340477,0.0449035,120,309,317,371,58,29,58,0.043664,0.0473981
17523,196,333,0.0380698,0.0416455,120,306,320,370,87,87,29,0.0435533,0.0483017
17555,199,330,0.041073,0.0431473,120,304,320,372,58,0,58,0.0533566,0.0514866
17609,200,327,0.042325,0.0430354,120,303,320,373,29,0,29,0.0398031,0.0454244
17640,201,324,0.0353919,0.0421411,120,308,319,370,145,29,87,0.0419039,0.0534216
17688,201,322,0.0346708,0.0439469,120,308,317,371,0,58,29,0.035835,0.044874
17719,200,320,0.0292605,0.0405466,120,312,318,366,116,29,145,0.0294011,0.0493077
17767,198,320,0.0246945,0.0396002,120,315,317,364,87,29,58,0.026321,0.03834
17799,197,319,0.0232593,0.0352334,120,316,319,361,29,58,87,0.0272475,0.0440175
17847,198,319,0.0264826,0.0367564,120,314,319,363,58,0,58,0.035897,0.03872
17880,198,320,0.0299984,0.0320193,120,311,323,361,87,116,58,0.03165,0.0330575
17927,199,321,0.0286681,0.0292643,120,312,324,359,29,29,58,0.035002,0.034388
17959,201,321,0.0328796,0.0311357,120,309,324,362,87,0,87,0.0424677,0.03799
18007,203,324,0.0358912,0.0294836,120,307,326,362,58,58,0,0.0387283,0.026255
18039,203,324,0.0314088,0.0262154,120,310,327,358,87,29,116,0.03109,0.03682
18099,203,326,0.0269578,0.0300829,120,313,323,359,87,116,29,0.030535,0.0302673
18130,203,327,0.0264735,0.0263583,120,314,325,357,29,58,58,0.02998,0.0300911
18161,202,329,0.0241604,0.0242839,120,315,325,354,29,0,87,0.0235761,0.0237723
18210,203,328,0.0233322,0.025354,120,316,324,355,29,29,29,0.0323967,0.0385117
18241,203,326,0.0269907,0.0361207,120,313,319,363,87,145,232,0.0283,0.0465477
18290,205,326,0.0269661,0.0371635,120,313,319,363,0,0,0,0.0355583,0.03549
18322,216,352,0.048179,-0.0152121,120,300,357,339,377,700,696,0.0904025,-0.112215
18370,222,377,0.0679778,-0.0860158,120,287,411,304,377,700,700,0.0554971,-0.0741205
18402,231,399,0.0580197,-0.0769098,120,293,401,306,174,290,58,0.0861648,-0.113225
18450,237,419,0.0670486,-0.0858867,120,288,411,304,145,290,58,0.060115,-0.0718983
18482,243,438,0.0564535,-0.0747891,120,294,399,307,174,348,87,0.072885,-0.110423
18530,248,450,0.0598777,-0.0802965,120,292,404,305,58,145,58,0.0609651,-0.0590393
18562,249,459,0.0494141,-0.0550193,120,299,383,316,203,609,319,0.0488489,-0.0702248
18610,251,463,0.0433996,-0.0513893,120,303,379,316,116,116,0,0.0513133,-0.0385817
18639,253,465,0.0465106,-0.0338044,120,301,368,327,58,319,319,0.0568491,-0.0390141
18687,254,460,0.0472273,-0.0249533,120,300,363,333,29,145,174,0.0492267,-0.00993167
18736,254,455,0.041917,-0.00875307,120,304,351,341,116,348,232,0.045895,-0.0102067
18767,254,443,0.0401169,0.00686819,120,305,341,349,29,290,232,0.046105,0.0402465
18815,254,429,0.0403002,0.0314002,120,305,327,365,0,406,464,0.046315,0.0283433
18847,255,413,0.0423122,0.0376504,120,303,324,369,58,87,116,0.0523739,0.0696519
18895,254,396,0.0428394,0.0536782,120,303,315,380,0,261,319,0.0432083,0.0469283
18927,254,376,0.0388797,0.0583467,120,306,311,381,87,116,29,0.04696,0.102557
18975,254,361,0.0410463,0.0736193,120,304,303,392,58,232,319,0.04717,0.0517703
19007,253,344,0.0394008,0.0591113,120,305,310,382,29,203,290,0.0415311,0.0963308
19055,252,331,0.0367972,0.0706831,120,307,303,389,58,203,203,0.0433033,0.0535317
19087,252,317,0.0389533,0.0578709,120,305,311,381,58,232,232,0.047025,0.0892092
19135,252,306,0.0410937,0.0672958,120,304,306,388,29,145,203,0.047205,0.0554533
19176,252,297,0.0412508,0.0492639,120,304,317,376,0,319,348,0.047385,0.05824
19224,252,290,0.0414078,0.0475231,120,304,318,375,0,29,29,0.047565,0.0476817
19256,256,293,0.04888,0.0285132,120,299,330,366,145,348,261,0.0711405,0.00579339
19304,274,326,0.0777099,-0.0307609,120,281,378,340,522,700,700,0.121121,-0.108757
19351,284,352,0.0979524,-0.0899877,120,269,426,312,348,700,700,0.0963452,-0.0930176
19383,296,378,0.09492,-0.0994676,120,271,432,306,58,174,174,0.131021,-0.151526
19431,306,404,0.106476,-0.120295,120,264,452,298,203,580,232,0.105875,-0.113348
19463,313,426,0.0941959,-0.110138,120,271,439,299,203,377,29,0.111637,-0.14924
19511,318,441,0.0919877,-0.111688,120,272,440,298,29,29,29,0.0942551,-0.0899153
19543,321,449,0.0822905,-0.0762715,120,278,410,315,174,700,493,0.0943725,-0.082895
19591,322,452,0.0789744,-0.0633211,120,280,400,321,58,290,174,0.0835567,-0.05405
19623,319,451,0.0667084,-0.0426361,120,288,382,329,232,522,232,0.0636984,-0.0395561
19666,310,444,0.0486849,-0.0271907,120,299,365,332,319,493,87,0.0416214,-0.0161167
19697,298,435,0.026095,-0.00704617,120,314,345,336,435,580,116,0.00891355,0.00632984
19745,287,422,0.0149307,0.0057385,120,321,333,340,203,348,116,0.0317878,0.00701628
19777,275,405,0.0184557,0.0220315,120,319,325,351,58,232,319,0.00209355,0.0578958
19825,263,383,0.0079089,0.0478494,120,326,306,363,203,551,348,0.021545,0.0493417
19857,250,360,0.00912061,0.0592307,120,325,300,371,29,174,232,-0.0094175,0.101062
19905,238,339,-0.00151838,0.0759486,120,332,288,378,203,348,203,0.0120107,0.0618974
19953,226,316,0.00910256,0.0588138,120,325,301,371,203,377,203,0.00760074,0.0772415
19985,217,296,0.00416183,0.0769175,120,329,289,381,116,348,290,-0.0003025,0.10766
20034,208,278,0.00358422,0.0828301,120,329,286,384,0,87,87,0.012005,0.07209
20065,202,262,0.00932009,0.0724355,120,325,293,380,116,203,116,0.00830677,0.102552
20113,195,248,0.00880824,0.0794328,120,325,289,384,0,116,116,0.0132933,0.0703733
20145,188,239,0.00633988,0.0627062,120,327,298,372,58,261,348,-0.0035321,0.0745098
20193,194,268,0.0160053,0.014547,120,321,328,346,174,700,700,0.057515,-0.0869233
20223,198,309,0.0511198,-0.123326,120,298,431,279,667,700,700,0.0604833,-0.238745
20270,200,343,0.0477436,-0.175477,120,300,469,251,58,700,700,0.044369,-0.133624
20302,204,379,0.0433709,-0.142173,120,303,442,266,87,700,435,0.059245,-0.21538
20350,209,412,0.0509958,-0.168744,120,298,465,255,145,667,319,0.0569883,-0.153935
20382,215,434,0.0550225,-0.138456,120,295,444,272,87,609,493,0.0739082,-0.167115
20430,0,0,0.0414199,-0.0935532,120,304,406,292,500,500,500,0.0001,0.0001
20462,0,0,8.72672e-05,8.72672e-05,120,331,331,331,500,500,500,0.0001,0.0001
20528,0,0,8.72672e-05,8.72672e-05,120,331,331,331,500,500,500,0.0001,0.0001
20576,0,0,8.72672e-05,8.72672e-05,120,331,331,331,500,500,500,0.0001,0.0001
20590,222,468,0.0124965,-0.0932462,120,323,395,283,232,700,700,0.0397878,-0.298403
20639,223,461,0.036921,-0.178194,120,307,467,246,464,700,700,0.0468217,-0.0354633
20671,228,449,0.0485488,-0.0180585,120,299,359,337,232,700,700,0.0714125,0.00576
20718,234,435,0.0614284,0.00191966,120,291,352,354,232,203,493,0.0685621,-0.0041767
20760,239,418,0.0600713,0.00396226,120,292,350,355,29,58,29,0.0693267,0.0201528
20809,247,392,0.0637846,0.0268467,120,290,337,370,58,377,435,0.0798333,0.0497683
20840,256,360,0.0773011,0.0728227,120,281,315,406,261,638,700,0.104245,0.143769
20889,263,327,0.0841652,0.110716,120,277,296,436,116,551,700,0.0824767,0.096605
20920,269,291,0.0753039,0.113564,120,283,291,434,174,145,58,0.0931232,0.190184
20968,275,254,0.0785845,0.150444,120,281,273,463,58,522,700,0.0845471,0.140535
21000,281,219,0.0781331,0.145113,120,281,275,459,0,58,116,0.0984632,0.212405
21048,285,189,0.0807165,0.162466,120,279,267,474,58,232,435,0.0818017,0.139185
21079,287,162,0.0708251,0.138233,120,285,277,450,174,290,696,0.0800077,0.19282
21127,287,139,0.0666116,0.15135,120,288,269,459,87,232,261,0.069745,0.138711
21159,286,121,0.0593097,0.12784,120,293,279,438,145,290,609,0.0647725,0.16043
21207,283,110,0.0546667,0.124733,120,295,279,433,58,0,145,0.0588289,0.111592
21255,279,98,0.0500468,0.100586,120,298,291,414,87,348,551,0.0546983,0.121835
21293,275,93,0.0462944,0.101639,120,301,289,414,87,58,0,0.0500953,0.106858
21340,270,92,0.0431278,0.0885926,120,303,295,403,58,174,319,0.0482117,0.0919557
21357,264,95,0.0273738,0.0698521,120,313,300,385,290,145,522,0.0012,0.05871
21421,257,99,0.0143877,0.0584249,120,322,303,372,261,87,377,0.0438661,0.0817063
21452,251,107,0.0332938,0.061084,120,309,307,381,377,116,261,0.0279168,0.049024
21499,243,116,0.0247412,0.0462925,120,315,313,368,174,174,377,0.0291288,0.0602518
21516,238,130,0.0173002,0.0156076,120,320,328,347,145,435,609,0.00316,-0.057995
21580,232,143,0.0136119,-0.0156615,120,322,345,327,58,493,580,0.0378745,0.0537806
21612,225,157,0.0256505,0.0338786,120,314,320,361,232,700,700,0.0142025,0.01203
21659,219,173,0.0164809,0.0145966,120,320,328,346,174,232,435,0.0272729,0.0251377
21691,213,189,0.0198363,0.0123183,120,318,331,346,58,87,0,0.014595,-0.005625
21739,209,204,0.0175962,0.00360674,120,319,335,340,29,116,174,0.0301369,0.0216097
21771,207,217,0.0271276,0.0132888,120,313,333,349,174,58,261,0.032785,0.0037975
21814,203,229,0.0262591,0.00883453,120,314,335,346,29,58,87,0.0252645,0.0214536
21861,201,239,0.0244463,0.021885,120,315,327,353,29,232,203,0.032936,0.0315698
21893,200,248,0.0289925,0.0227804,120,312,328,355,87,29,58,0.0337361,0.0163152
21940,199,256,0.0297225,0.0200468,120,311,330,354,29,58,29,0.034638,0.0348938
21973,199,261,0.0311662,0.0309226,120,311,324,361,0,174,203,0.03764,0.0364025
22021,198,266,0.0314336,0.034242,120,310,322,363,29,58,58,0.0331183,0.0443167
22053,195,271,0.0243255,0.0353202,120,315,319,361,145,87,58,0.0184834,0.0335906
22100,195,273,0.0210628,0.0356265,120,317,318,360,58,29,29,0.03426,0.053781
22132,193,276,0.0260291,0.0439291,120,314,315,367,87,87,203,0.0218873,0.0441734
22181,191,279,0.0198663,0.0402347,120,318,315,363,116,0,116,0.0243367,0.049565
22212,188,281,0.0177365,0.0431109,120,319,312,364,29,87,29,0.0131384,0.0491073
22260,185,283,0.0127011,0.0440237,120,323,310,363,116,58,29,0.01709,0.0528467
22292,183,285,0.0143206,0.0448485,120,322,310,364,29,0,29,0.0151923,0.0487873
22335,181,288,0.0136604,0.0420296,120,322,312,362,0,58,58,0.0164798,0.0470421
22367,179,292,0.0130855,0.0378984,120,322,314,359,0,58,87,0.012335,0.036955
22415,178,296,0.0125789,0.0341392,120,323,316,356,29,58,87,0.0181383,0.0429983
22480,177,301,0.0157007,0.0373422,120,321,315,359,58,29,87,0.0177288,0.0424187
22494,176,305,0.0120956,0.025616,120,323,320,351,58,145,232,0.00693214,0.00595357
22560,175,312,0.00861417,0.0139296,120,325,326,343,58,174,232,0.0151346,0.0338873
22574,175,318,0.0137205,0.0118692,120,322,329,343,87,87,0,0.016775,-0.0227321
22639,175,323,0.0143342,-0.00170736,120,322,337,335,0,232,232,0.0158,0.0352531
22655,177,329,0.0207988,0.0128926,120,317,331,346,145,174,319,0.0382217,-0.021905
22720,179,335,0.0278616,-0.00356436,120,313,343,339,116,348,203,0.0206525,0.0278325
22735,182,338,0.0278083,0.0174689,120,313,330,352,0,377,377,0.0519486,0.00602143
22783,184,341,0.0361148,0.012896,120,307,336,352,174,174,0,0.0224633,0.03046
22815,189,342,0.0262696,0.0279765,120,314,324,357,203,348,145,0.0437844,0.0349211
22877,193,342,0.0333389,0.0320862,120,309,324,363,145,0,174,0.0282075,0.040075
22892,197,341,0.0355409,0.0385269,120,308,321,367,29,87,116,0.0631483,0.0514433
22957,200,341,0.0435656,0.041251,120,303,322,372,145,29,145,0.0262338,0.039795
22988,202,341,0.0239861,0.0346295,120,315,319,361,348,87,319,0.0297283,0.03948
23036,204,340,0.0247114,0.0355997,120,315,319,362,0,0,29,0.025789,0.043147
23083,206,341,0.0225648,0.0351834,120,316,318,361,29,29,29,0.025979,0.035248
23115,208,343,0.0239074,0.0281348,120,315,323,357,29,145,116,0.0299327,0.0268523
23163,208,346,0.0225421,0.0230901,120,316,325,353,29,58,116,0.018485,0.025755
23195,210,349,0.0196388,0.0201895,120,318,326,350,58,29,87,0.0297027,0.0184434
23242,212,352,0.02489,0.017294,120,315,330,350,87,116,0,0.0264063,0.022278
23274,214,355,0.024152,0.0174323,120,315,329,350,0,29,0,0.02995,0.0158525
23322,216,357,0.0251354,0.0162101,120,314,330,350,29,29,0,0.0267483,0.0234517
23354,218,359,0.0246727,0.0188493,120,315,329,351,29,29,29,0.0310027,0.0182823
23397,221,360,0.0276618,0.0178211,120,313,330,352,58,29,29,0.0329429,0.0242524
