time,motor1,motor2,motor3
ÿû6,0,0,0
12,0,0,0
18,0,0,0
24,0,0,0
30,0,0,0
36,0,0,0
43,0,0,0
49,0,0,0
55,0,0,0
61,0,0,0
67,0,0,0
73,0,0,0
79,0,0,0
86,0,0,0
92,0,0,0
98,0,0,0
104,0,0,0
110,0,0,0
116,0,0,0
122,0,0,0
128,0,0,0
134,0,0,0
140,0,0,0
146,0,0,0
152,0,0,0
158,0,0,0
164,0,0,0
171,0,0,0
177,0,0,0
183,0,0,0
189,0,0,0
195,0,0,0
201,0,0,0
207,0,0,0
214,0,0,0
220,0,0,0
226,0,0,0
232,0,0,0
238,0,0,0
244,0,0,0
250,0,0,0
256,0,0,0
262,0,0,0
268,0,0,0
274,1,1,1
281,5,5,5
287,7,7,7
293,10,10,10
299,13,13,13
305,16,16,16
311,19,19,19
317,22,22,22
323,24,24,24
329,27,27,27
335,30,30,30
342,33,33,33
348,36,36,36
354,39,39,39
360,42,42,42
366,45,45,45
372,48,48,48
378,51,51,51
384,54,54,54
390,57,57,57
396,60,60,60
402,62,62,62
408,65,65,65
414,68,68,68
420,71,71,71
427,74,74,74
433,77,77,77
439,79,79,79
445,82,82,82
451,85,85,85
457,88,88,88
463,91,91,91
470,94,94,94
476,97,97,97
482,100,100,100
488,103,103,103
494,106,106,106
500,109,109,109
506,112,112,112
512,114,114,114
518,116,116,116
524,119,119,119
530,122,122,122
536,125,125,125
542,128,128,128
548,131,131,131
555,134,134,134
561,137,137,137
567,140,140,140
573,143,143,143
579,146,146,146
585,149,149,149
591,152,152,152
598,155,155,155
604,158,158,158
610,161,161,161
616,164,164,164
622,167,167,167
628,170,170,170
634,173,173,173
640,175,175,175
646,178,178,178
652,181,181,181
658,184,184,184
664,187,187,187
670,190,190,190
676,193,193,193
683,196,196,196
689,198,198,198
695,201,201,201
701,204,204,204
707,207,207,207
713,210,210,210
719,212,212,212
726,215,215,215
732,218,218,218
738,221,221,221
744,224,224,224
750,227,227,227
756,230,230,230
762,233,233,233
768,235,235,235
774,238,238,238
780,241,241,241
786,244,244,244
792,247,247,247
798,250,250,250
804,252,252,252
811,255,255,255
817,258,258,258
823,261,261,261
829,264,264,264
835,267,267,267
841,270,270,270
847,272,272,272
854,275,275,275
860,278,278,278
866,281,281,281
872,284,284,284
878,287,287,287
884,289,289,289
890,292,292,292
896,295,295,295
902,298,298,298
908,301,301,301
914,304,304,304
920,307,307,307
926,310,310,310
932,312,312,312
939,315,315,315
945,318,318,318
951,321,321,321
958,324,324,324
964,327,327,327
970,330,330,330
976,331,331,331
982,331,331,331
988,331,331,331
994,331,331,331
1000,331,331,331
1006,331,331,331
1012,331,331,331
1018,331,331,331
1024,331,331,331
1030,331,331,331
1037,331,331,331
1043,331,331,331
1049,331,331,331
1055,331,331,331
1061,331,331,331
1067,331,331,331
1073,331,331,331
1079,331,331,331
1085,331,331,331
1091,331,331,331
1097,331,331,331
1103,331,331,331
1110,331,331,331
1117,331,331,331
1123,331,331,331
1129,331,331,331
1135,331,331,331
1141,331,331,331
1147,331,331,331
1153,331,331,331
1159,331,331,331
1165,331,331,331
1171,331,331,331
1177,331,331,331
1183,331,331,331
1189,331,331,331
1197,331,331,331
1203,331,331,331
1209,331,331,331
1215,331,331,331
1221,331,331,331
1227,331,331,331
1233,331,331,331
1239,331,331,331
1245,331,331,331
1251,331,331,331
1257,331,331,331
1263,331,331,331
1269,331,331,331
1275,331,331,331
1281,331,331,331
1287,331,331,331
1293,331,331,331
1299,331,331,331
1305,331,331,331
1311,331,331,331
1317,331,331,331
1324,331,331,331
1330,331,331,331
1336,331,331,331
1342,331,331,331
1348,331,331,331
1354,331,331,331
1360,331,331,331
1366,331,331,331
1373,331,331,331
1379,331,331,331
1385,331,331,331
1391,331,331,331
1397,331,331,331
1405,331,331,331
1411,331,331,331
1417,331,331,331
1423,331,331,331
1429,331,331,331
1435,331,331,331
1441,331,331,331
1447,331,331,331
1453,331,331,331
1459,331,331,331
1465,331,331,331
1471,331,331,331
1477,331,331,331
1484,331,331,331
1490,331,331,331
1496,331,331,331
1502,331,331,331
1508,331,331,331
1514,331,331,331
1520,331,331,331
1526,331,331,331
1532,331,331,331
1538,331,331,331
1544,331,331,331
1550,331,331,331
1556,331,331,331
1564,331,331,331
1570,331,331,331
1576,331,331,331
1582,331,331,331
1588,331,331,331
1594,331,331,331
1600,331,331,331
1606,331,331,331
1613,331,331,331
1619,331,331,331
1625,331,331,331
1631,331,331,331
1637,331,331,331
1644,331,331,331
1650,331,331,331
1656,331,331,331
1662,331,331,331
1668,331,331,331
1674,331,331,331
1680,331,331,331
1686,331,331,331
1692,331,331,331
1698,331,331,331
1704,331,331,331
1710,331,331,331
1716,331,331,331
1723,331,331,331
1729,331,331,331
1735,331,331,331
1741,331,331,331
1747,331,331,331
1753,331,331,331
1759,331,331,331
1765,331,331,331
1773,331,331,331
1779,331,331,331
1785,331,331,331
1792,331,331,331
1798,331,331,331
1806,331,331,331
1812,331,331,331
1818,331,331,331
1824,331,331,331
1830,331,331,331
1836,331,331,331
1842,331,331,331
1848,331,331,331
1854,331,331,331
1860,331,331,331
1866,331,331,331
1872,331,331,331
1878,331,331,331
1884,331,331,331
1890,331,331,331
1896,331,331,331
1902,331,331,331
1908,331,331,331
1914,331,331,331
1920,331,331,331
1926,331,331,331
1932,331,331,331
1938,331,331,331
1944,331,331,331
1950,331,331,331
1956,331,331,331
1963,331,331,331
1969,331,331,331
1975,331,331,331
1981,331,331,331
1987,331,331,331
1993,331,331,331
1999,331,331,331
2006,331,331,331
2012,331,331,331
2018,331,331,331
2024,331,331,331
2030,331,331,331
2036,331,331,331
2042,331,331,331
2048,331,331,331
2054,331,331,331
2060,331,331,331
2066,331,331,331
2072,331,331,331
2078,331,331,331
2084,331,331,331
2091,331,331,331
2097,331,331,331
2103,331,331,331
2109,331,331,331
2115,331,331,331
2121,331,331,331
2127,331,331,331
2134,331,331,331
2141,331,331,331
2147,331,331,331
2153,331,331,331
2159,331,331,331
2165,331,331,331
2171,331,331,331
2177,331,331,331
2183,331,331,331
2189,331,331,331
2195,331,331,331
2201,331,331,331
2207,331,331,331
2213,331,331,331
2219,331,331,331
2225,331,331,331
2231,331,331,331
2237,331,331,331
2243,331,331,331
2250,331,331,331
2256,331,331,331
2262,331,331,331
2268,331,331,331
2274,331,331,331
2280,331,331,331
2286,331,331,331
2292,331,331,331
2300,331,331,331
2306,331,331,331
2312,331,331,331
2318,331,331,331
2324,331,331,331
2330,331,331,331
2336,331,331,331
2342,331,331,331
2348,331,331,331
2354,331,331,331
2360,331,331,331
2366,331,331,331
2372,331,331,331
2379,332,330,332
2385,336,327,335
2391,339,323,339
2397,343,319,343
2403,347,315,347
2409,351,311,351
2415,353,309,353
2421,357,305,357
2427,361,301,361
2433,365,297,365
2439,369,293,369
2445,373,289,373
2451,377,285,377
2457,381,281,381
2463,381,281,381
2469,377,285,377
2475,373,289,373
2481,369,293,369
2487,365,297,365
2493,361,301,361
2499,357,305,357
2507,353,309,353
2513,350,310,351
2519,348,311,350
2525,346,313,349
2531,343,314,347
2539,341,315,347
2545,337,319,350
2551,333,323,354
2557,329,327,358
2563,325,331,361
2569,321,335,365
2575,317,339,368
2581,313,343,368
2589,309,347,369
2595,305,351,372
2601,301,355,376
2607,297,359,380
2613,293,363,384
2619,291,365,386
2625,287,366,383
2631,283,366,379
2637,279,366,375
2643,275,366,371
2649,272,366,368
2655,272,366,364
2661,272,366,362
2670,271,367,363
2675,270,368,363
2681,268,370,364
2688,266,371,365
2694,265,373,365
2700,263,374,366
2706,260,377,368
2712,256,380,370
2718,253,382,372
2724,249,385,374
2731,246,388,376
2737,242,391,378
2743,241,391,378
2750,242,390,377
2756,243,389,377
2762,244,387,376
2768,246,386,376
2774,247,384,375
2780,246,384,376
2786,245,384,377
2792,244,384,379
2798,243,384,380
2804,243,384,382
2810,243,383,383
2816,243,383,384
2822,243,383,384
2828,244,382,383
2834,246,381,382
2840,249,379,380
2846,251,377,379
2852,254,375,377
2859,253,375,378
2865,252,375,379
2871,251,375,380
2877,250,375,381
2883,250,375,381
2889,250,375,381
2895,250,375,381
2902,250,375,381
2908,251,374,380
2914,254,371,379
2920,258,367,377
2926,262,363,375
2932,266,359,373
2938,267,358,372
2944,267,357,373
2950,267,357,373
2956,267,356,373
2962,267,355,373
2968,268,354,373
2974,268,354,373
2980,268,353,373
2988,269,352,374
2994,269,351,375
3000,269,350,377
3006,269,348,378
3012,269,347,380
3018,270,347,380
3024,270,347,380
3030,271,347,380
3036,271,347,380
3042,272,347,380
3048,272,346,380
3054,273,346,380
3060,273,346,380
3066,275,345,379
3072,278,344,377
3078,282,342,374
3084,286,340,371
3090,290,338,369
3096,294,336,366
3102,298,334,364
3108,302,332,364
3117,306,330,365
3123,306,329,365
3129,306,329,366
3135,306,328,366
3141,306,327,367
3147,307,327,367
3153,307,327,367
3159,307,327,366
3165,307,327,366
3171,307,327,366
3177,307,326,365
3183,308,326,365
3189,308,326,365
3196,309,325,364
3202,310,325,364
3208,311,324,363
3214,313,323,362
3220,314,322,361
3226,316,322,361
3232,317,321,360
3238,318,320,360
3244,319,320,359
3250,320,319,359
3256,322,318,358
3262,323,317,358
3268,324,317,357
3274,324,317,358
3280,324,317,358
3286,324,317,358
3292,324,317,358
3298,324,317,358
3304,323,316,357
3310,323,316,357
3316,323,316,357
3322,322,316,357
3328,322,316,357
3334,322,316,357
3340,322,316,357
3346,322,316,357
3352,323,315,356
3358,323,315,356
3364,324,314,356
3371,324,314,356
3377,325,313,356
3384,326,313,355
3390,328,312,355
3396,330,310,354
3402,332,309,353
3408,334,308,352
3414,336,307,351
3420,337,306,351
3426,337,306,351
3432,336,307,352
3438,332,309,353
3444,329,312,355
3450,325,314,356
3456,322,316,358
3462,318,319,359
3468,318,319,360
3474,317,319,360
3480,316,320,360
3486,315,320,361
3492,314,320,361
3499,313,321,361
3505,312,321,362
3511,311,321,362
3517,311,321,361
3523,311,321,361
3529,311,321,361
3535,311,321,361
3544,311,321,362
3550,311,321,362
3556,311,321,362
3562,311,321,363
3568,311,321,363
3574,311,321,363
3580,311,321,363
3586,311,321,363
3594,310,322,364
3600,309,323,364
3606,308,324,365
3612,306,325,366
3618,305,326,366
3624,304,327,367
3630,304,327,367
3636,304,327,367
3642,304,328,366
3648,304,328,366
3654,304,328,366
3660,304,329,365
3666,304,329,365
3673,304,328,365
3679,304,328,365
3685,304,328,365
3691,304,327,365
3697,304,327,365
3703,304,327,365
3709,304,327,365
3715,304,327,365
3722,305,326,365
3728,305,326,365
3734,305,326,365
3740,305,326,365
3746,305,326,365
3752,305,327,364
3758,305,327,364
3764,305,328,363
3770,305,328,363
3776,305,329,362
3782,305,329,362
3788,305,329,362
3794,305,329,362
3800,306,328,361
3806,306,328,361
3812,306,328,361
3818,307,327,361
3824,307,327,361
3832,308,328,360
3838,308,328,360
3844,308,328,360
3850,308,328,360
3856,308,328,360
3862,308,328,360
3868,308,328,360
3874,308,328,360
3881,309,327,359
3887,309,327,359
3893,310,327,359
3899,310,326,358
3905,311,326,358
3911,312,325,357
3917,313,324,356
3923,315,323,355
3929,316,323,354
3935,318,322,353
3941,319,321,352
3947,321,321,352
3953,321,321,352
3960,320,322,353
3966,318,322,354
3972,317,323,355
3978,315,324,356
3984,313,325,357
3990,311,327,358
3996,311,327,358
4002,311,327,358
4008,311,327,357
4014,311,327,357
4020,311,327,357
4026,310,328,357
4032,310,328,357
4040,311,327,357
4046,311,327,357
4052,311,327,357
4058,311,327,357
4064,311,327,357
4071,311,328,356
4077,311,328,356
4083,311,328,356
4089,311,328,356
4096,311,328,356
4102,311,328,356
4108,311,328,356
4114,311,328,356
4121,310,328,357
4127,309,328,358
4133,308,328,359
4139,307,328,360
4145,306,328,361
4151,305,329,362
4157,305,329,362
4163,305,330,362
4169,305,331,361
4175,305,331,361
4182,304,332,361
4188,304,332,361
4194,304,332,361
4201,305,331,360
4207,305,331,360
4213,305,331,360
4219,305,331,360
4225,305,331,360
4231,305,331,359
4237,305,331,359
4243,305,331,359
4249,305,331,359
4255,305,331,359
4261,305,331,359
4267,305,331,359
4273,305,331,359
4281,306,332,358
4287,307,336,354
4293,308,340,350
4299,309,344,346
4305,310,348,342
4311,311,352,338
4317,311,356,334
4323,311,358,330
4329,312,360,328
4335,313,364,324
4341,314,368,320
4347,315,372,316
4353,315,375,313
4359,316,378,310
4365,316,379,309
4371,315,381,307
4377,314,382,305
4383,314,384,303
4389,313,385,302
4395,313,387,300
4401,313,388,299
4408,314,390,298
4414,314,391,296
4420,315,392,294
4426,316,393,292
4432,317,394,291
4439,318,395,290
4445,319,396,288
4451,320,397,287
4457,321,398,285
4463,321,399,284
4469,322,400,282
4475,323,401,281
4481,323,402,279
4488,322,403,278
4494,322,401,280
4500,321,400,282
4506,320,400,282
4512,319,400,282
4518,318,399,283
4524,320,397,285
4530,323,394,288
4536,323,391,291
4542,323,388,294
4548,323,385,295
4554,323,382,295
4560,323,379,295
4568,324,378,296
4574,327,376,298
4580,330,373,301
4586,331,370,304
4592,331,367,307
4598,331,364,310
4604,331,362,312
4610,331,359,315
4616,331,356,318
4622,331,353,321
4628,331,350,324
4634,331,347,327
4640,331,344,330
4646,332,342,331
4652,332,345,328
4658,333,348,324
4664,334,352,320
4670,334,352,316
4676,335,352,312
4682,334,354,310
4688,334,358,307
4694,333,361,305
4700,332,365,302
4706,332,369,299
4712,331,373,296
4718,331,377,293
4724,331,377,290
4730,329,375,292
4736,325,371,296
4742,321,367,300
4748,317,363,304
4754,313,359,308
4760,311,357,310
4766,310,355,314
4772,308,353,317
4779,307,351,321
4785,306,349,324
4791,304,347,328
4797,303,345,331
4803,301,343,335
4809,301,342,335
4815,301,341,336
4822,301,340,337
4828,301,339,338
4834,301,338,339
4840,300,337,340
4846,299,336,342
4852,298,335,345
4858,298,334,347
4864,297,333,349
4870,296,332,351
4876,295,331,353
4882,294,330,356
4888,294,329,357
4894,292,327,361
4900,291,325,364
4907,290,323,368
4913,289,321,372
4919,287,319,376
4925,286,317,379
4931,285,315,383
4937,285,313,385
4943,285,311,387
4950,284,310,390
4956,284,308,393
4962,284,306,396
4968,283,306,397
4974,284,308,398
4980,285,310,398
4986,286,312,398
4992,287,314,398
4998,288,314,398
5004,289,314,398
5010,289,314,398
5016,288,313,399
5022,288,310,403
5028,287,307,407
5035,286,305,411
5041,286,302,415
5047,285,300,417
5053,285,298,420
5059,284,296,423
5065,284,294,426
5071,284,292,428
5078,283,290,431
5084,283,288,434
5090,283,286,437
5096,284,287,437
5102,284,289,434
5108,284,291,431
5114,285,293,428
5120,285,295,425
5126,286,296,423
5132,287,295,423
5138,288,294,423
5144,289,293,423
5150,290,293,423
5156,291,293,423
5163,291,293,423
5169,291,293,423
5176,292,294,422
5182,292,294,421
5188,292,295,420
5194,293,296,418
5200,293,296,417
5206,294,297,416
5212,294,297,416
5218,295,297,415
5224,296,297,414
5230,296,297,413
5236,297,297,412
5242,297,296,411
5248,297,296,410
5255,298,297,409
5261,299,299,406
5267,300,301,402
5273,302,304,398
5279,303,306,394
5285,305,308,392
5291,305,308,392
5297,305,308,391
5303,306,308,391
5309,306,308,390
5315,306,308,390
5321,307,308,389
5327,307,308,389
5334,308,309,387
5340,308,310,386
5346,308,311,385
5352,308,312,384
5358,308,313,382
5364,309,314,382
5370,309,314,381
5376,310,314,380
5382,310,315,379
5388,311,315,378
5394,311,315,377
5400,311,316,376
5406,311,316,375
5412,312,317,374
5419,312,317,372
5425,312,318,371
5431,313,319,369
5437,313,320,368
5443,314,322,367
5449,314,322,366
5455,315,323,364
5462,316,323,363
5468,317,324,361
5474,318,324,360
5480,319,325,359
5486,319,325,357
5494,319,327,356
5500,319,327,355
5506,319,327,355
5512,319,328,354
5518,319,329,353
5524,319,329,352
5530,319,329,352
5536,319,329,351
5542,320,330,350
5548,320,330,350
5554,321,330,349
5560,321,330,348
5566,322,330,348
5572,322,331,347
5578,321,331,347
5584,320,331,347
5590,320,332,346
5596,319,332,346
5602,318,332,346
5608,318,332,345
5614,318,332,345
5620,319,333,344
5626,319,333,344
5632,319,333,344
5638,320,333,343
5644,320,333,343
5650,320,333,342
5656,321,334,340
5662,323,336,337
5668,324,337,334
5675,326,339,331
5681,327,340,328
5687,329,342,325
5693,329,342,323
5700,330,343,322
5706,334,346,318
5712,338,349,314
5718,342,351,310
5724,346,354,306
5730,349,357,304
5736,351,357,302
5742,353,358,299
5748,355,359,296
5754,358,360,293
5760,359,361,291
5766,362,362,288
5772,364,363,286
5780,365,364,283
5786,364,364,282
5792,362,363,280
5798,362,363,279
5804,362,363,278
5811,361,362,277
5817,361,361,277
5823,361,361,277
5829,361,361,277
5835,361,361,277
5841,361,361,277
5847,361,361,277
5853,361,361,277
5860,360,360,278
5866,358,358,280
5872,355,355,283
5878,352,352,286
5884,349,349,289
5890,347,347,291
5896,344,344,294
5902,341,341,297
5908,338,338,300
5914,335,335,303
5920,332,332,306
5926,331,331,309
5932,331,331,311
5938,331,331,314
5944,331,331,317
5950,331,331,320
5956,331,331,323
5962,331,331,326
5970,332,332,328
5976,335,335,325
5982,339,339,321
5988,343,343,317
5994,347,347,313
6000,351,351,309
6006,355,355,305
6012,359,356,301
6018,361,357,299
6024,364,359,296
6030,367,362,293
6036,370,365,290
6042,373,368,287
6049,375,370,285
6055,371,366,288
6061,368,363,292
6067,364,359,296
6073,360,355,300
6079,356,351,304
6085,352,347,308
6091,348,343,312
6098,345,339,315
6104,342,337,318
6110,339,334,321
6116,336,332,324
6122,333,332,327
6128,330,332,330
6134,327,332,333
6140,324,332,336
6146,322,332,338
6152,324,331,336
6158,327,331,333
6164,330,331,331
6170,331,331,331
6177,330,330,332
6183,326,329,335
6189,323,327,338
6195,319,325,342
6201,315,323,346
6207,311,321,350
6213,307,320,354
6219,303,320,358
6226,301,319,361
6232,298,317,364
6238,295,314,367
6244,292,312,370
6250,289,312,373
6257,287,313,375
6263,290,313,379
6269,294,314,383
6275,297,315,384
6281,298,316,384
6287,298,317,384
6293,298,317,384
6299,298,317,384
6305,297,316,385
6311,294,313,388
6317,290,310,392
6323,286,306,396
6329,282,302,400
6337,279,299,403
6343,277,301,407
6349,275,302,411
6355,273,303,415
6361,271,303,418
6367,269,303,422
6373,267,303,426
6379,265,303,430
6385,264,304,432
6391,263,304,434
6397,263,304,435
6403,263,304,436
6409,262,304,437
6416,261,303,438
6422,261,303,439
6428,260,303,441
6434,260,303,442
6440,259,303,443
6446,259,303,444
6452,259,303,445
6458,259,303,447
6466,260,304,448
6472,260,305,445
6478,261,307,442
6484,262,308,439
6490,262,310,436
6498,263,312,435
6504,263,312,434
6510,263,313,433
6516,263,313,433
6522,263,314,432
6528,262,314,431
6534,262,315,431
6540,262,315,431
6547,263,316,430
6553,265,316,426
6559,268,317,422
6565,270,318,418
6571,272,319,415
6577,274,319,413
6583,274,319,413
6589,274,319,412
6595,275,319,412
6601,275,319,411
6607,275,319,411
6614,276,319,410
6620,276,319,410
6626,277,320,409
6632,278,320,406
6638,280,321,403
6644,282,321,401
6650,284,322,398
6657,285,323,397
6663,286,323,395
6669,287,323,394
6675,288,324,393
6681,288,324,391
6687,289,324,390
6693,290,325,388
6699,291,325,387
6707,293,326,386
6713,294,326,384
6719,295,327,382
6725,297,327,379
6731,298,328,377
6737,300,328,375
6743,301,328,373
6749,302,328,371
6756,303,329,369
6762,303,329,367
6768,304,330,365
6774,305,331,363
6780,306,332,361
6786,307,332,360
6792,308,331,360
6798,309,331,360
6804,309,330,359
6810,310,330,359
6816,311,330,358
6822,312,330,358
6828,312,330,358
6836,313,331,357
6842,314,331,355
6848,316,332,352
6854,318,333,350
6860,320,334,347
6866,321,335,345
6872,321,336,344
6878,322,337,342
6884,323,338,340
6890,324,339,338
6896,325,340,336
6902,326,341,334
6908,327,341,332
6916,326,342,331
6922,325,342,330
6928,324,342,329
6934,323,343,329
6940,321,343,328
6946,322,344,327
6952,322,344,327
6958,322,345,326
6964,322,346,326
6970,322,346,326
6976,322,347,326
6982,322,347,326
6988,322,347,326
6994,322,346,327
7000,322,346,327
7006,322,345,328
7012,322,344,329
7018,322,343,329
7024,323,344,330
7030,323,344,329
7036,323,345,328
7042,324,346,327
7048,324,346,326
7054,324,346,325
7060,324,346,324
7066,324,346,324
7074,323,345,325
7080,323,345,326
7086,322,344,328
7092,322,343,329
7098,321,342,331
7104,320,341,332
7110,320,341,332
7116,319,341,332
7122,319,341,333
7128,318,341,333
7134,318,341,333
7140,317,341,334
7146,317,341,334
7154,316,342,335
7160,314,342,337
7166,312,343,339
7172,310,343,341
7178,307,344,343
7184,306,344,345
7190,306,345,345
7196,306,345,345
7202,305,346,345
7208,305,346,345
7214,305,347,345
7220,304,347,346
7226,304,347,346
7234,304,346,347
7240,304,343,349
7246,304,339,352
7252,304,335,355
7258,304,331,357
7265,303,329,360
7271,302,333,361
7277,300,336,362
7283,298,336,363
7289,296,336,364
7296,295,336,365
7302,293,336,366
7308,291,336,367
7314,289,338,365
7320,287,342,361
7326,284,346,357
7332,281,350,353
7339,278,354,349
7345,276,358,345
7351,275,362,341
7359,274,366,336
7365,272,370,332
7371,269,374,328
7377,266,378,324
7383,264,381,321
7392,261,385,316
7398,263,389,314
7404,265,393,312
7410,267,397,309
7416,269,401,307
7422,271,405,304
7428,271,409,302
7434,271,413,300
7440,270,416,298
7446,269,418,298
7452,268,420,297
7458,267,423,297
7464,266,425,296
7471,266,426,297
7477,269,425,299
7483,272,425,299
7489,275,425,299
7495,278,425,299
7501,281,425,299
7507,282,425,299
7513,282,425,299
7522,283,424,300
7528,286,421,303
7534,289,418,306
7540,292,415,309
7546,295,412,312
7553,298,409,315
7559,300,407,317
7565,303,404,320
7571,306,401,323
7577,309,398,326
7583,312,395,329
7589,315,392,331
7595,318,389,331
7601,320,387,331
7607,323,384,331
7613,326,381,331
7619,329,378,331
7625,331,375,331
7631,331,373,331
7638,331,370,331
7644,331,367,331
7650,331,364,331
7656,331,361,331
7662,331,358,331
7668,331,355,331
7674,331,352,331
7680,331,350,331
7686,331,347,331
7692,331,344,331
7698,331,341,331
7704,331,338,331
7710,331,335,331
7716,331,332,331
7723,331,331,331
7729,331,331,331
7735,331,331,331
7741,331,331,331
7747,331,331,331
7753,331,331,331
7761,330,332,330
7767,327,335,327
7773,323,339,324
7779,319,343,320
7785,315,347,316
7791,312,350,314
7797,308,354,312
7803,304,358,309
7809,300,362,307
7815,296,366,305
7821,292,370,302
7827,288,374,300
7833,284,378,298
7840,281,381,297
7846,282,377,301
7852,282,374,304
7858,282,370,308
7864,282,366,312
7872,281,364,317
7878,281,363,319
7884,281,361,321
7890,280,359,323
7896,280,357,325
7902,280,355,327
7908,280,354,330
7914,280,354,332
7920,279,353,334
7926,276,351,337
7932,273,349,341
7938,270,347,345
7944,267,345,349
7950,264,343,353
7956,262,341,357
7962,262,341,361
7968,261,340,364
7974,259,337,368
7980,257,334,371
7986,254,331,375
7992,252,328,379
7998,250,326,381
8004,254,329,378
8010,258,333,374
8016,262,337,372
8022,266,340,372
8028,270,344,372
8034,274,346,372
8040,278,346,372
8048,281,345,373
8054,282,341,377
8060,283,337,381
8066,284,334,384
8072,285,330,388
8078,286,327,391
8084,286,323,395
8090,287,319,399
8096,288,315,403
8102,288,311,407
8108,288,308,410
8114,289,304,414
8120,290,300,418
8127,291,297,420
8133,291,301,417
8139,292,302,413
8145,293,302,409
8151,294,302,406
8158,295,301,404
8164,297,300,404
8170,300,298,403
8176,302,296,402
8182,305,294,402
8188,307,292,401
8194,309,291,401
8200,309,291,401
8208,308,292,400
8214,308,293,399
8220,307,294,398
8226,307,296,397
8232,306,297,396
8238,307,298,396
8244,308,296,396
8250,309,295,397
8256,311,293,397
8262,312,292,397
8268,314,290,397
8274,314,290,397
8280,314,290,397
8286,315,291,396
8292,315,292,394
8298,316,294,391
8304,317,295,389
8310,317,297,386
8317,319,298,384
8323,320,297,384
8329,321,295,384
8335,322,294,384
8341,323,292,384
8347,325,291,384
8353,325,291,383
8359,325,291,383
8365,325,292,382
8371,325,293,381
8377,325,295,379
8383,325,296,378
8389,325,297,376
8397,326,299,374
8403,327,298,373
8409,328,298,372
8415,330,297,371
8421,331,296,370
8427,333,296,369
8433,334,295,367
8439,334,295,367
8445,333,296,366
8451,333,297,365
8457,332,299,364
8463,331,301,362
8469,331,303,361
8476,330,305,360
8482,331,305,359
8488,332,305,359
8494,332,305,358
8500,333,305,357
8506,334,305,357
8512,334,306,356
8518,334,306,355
8525,333,307,356
8531,332,307,356
8537,331,307,356
8543,330,308,357
8549,329,309,358
8556,328,310,358
8562,329,310,357
8568,329,310,356
8574,330,310,356
8580,330,310,355
8586,330,310,354
8592,330,311,354
8598,330,311,354
8604,330,311,354
8610,329,312,355
8616,328,313,355
8622,327,314,355
8628,325,314,356
8634,324,315,356
8640,323,316,356
8646,323,316,356
8654,322,316,357
8660,322,316,357
8666,322,316,357
8672,322,316,357
8678,322,316,357
8685,321,317,358
8691,321,317,358
8697,320,318,358
8704,319,319,359
8710,318,319,359
8716,317,320,359
8722,317,320,359
8728,317,320,359
8734,317,319,360
8740,317,319,360
8747,317,318,360
8753,317,318,361
8759,317,317,361
8765,318,317,360
8771,318,317,360
8777,318,317,360
8783,318,317,360
8790,318,317,360
8796,318,317,360
8802,318,317,360
8808,318,317,360
8814,317,317,361
8820,317,317,361
8826,317,317,362
8832,316,317,362
8838,316,317,363
8844,315,318,363
8850,315,318,363
8856,315,318,363
8862,315,319,363
8868,315,319,363
8875,315,319,362
8881,315,319,362
8887,315,319,362
8893,314,320,362
8899,314,320,362
8905,313,320,362
8911,313,321,362
8918,312,321,362
8924,312,321,363
8930,312,321,363
8936,312,321,363
8942,312,321,363
8948,312,321,363
8954,311,321,363
8960,311,321,363
8966,311,321,363
8973,311,321,364
8979,311,321,364
8985,311,321,364
8991,311,321,364
8997,311,321,364
9003,310,322,365
9009,308,324,365
9015,305,327,365
9021,302,329,366
9027,299,332,366
9033,296,334,366
9039,294,336,366
9046,294,336,366
9054,293,337,365
9060,289,341,363
9066,285,345,361
9072,281,349,359
9078,277,353,357
9084,275,356,355
9090,272,359,352
9096,268,363,348
9102,264,367,344
9108,261,371,340
9114,257,375,336
9120,253,379,332
9126,249,383,329
9132,248,386,330
9138,246,389,330
9144,243,393,331
9150,241,397,332
9156,241,401,332
9162,240,405,333
9168,239,408,332
9174,238,411,331
9180,237,414,329
9186,236,418,328
9192,235,421,327
9198,234,425,326
9204,234,428,326
9210,234,432,326
9216,235,434,327
9222,237,437,327
9228,239,441,327
9234,241,441,327
9240,243,441,327
9246,245,441,327
9252,246,441,327
9259,247,440,328
9265,249,437,328
9271,251,433,329
9277,253,429,329
9283,256,425,330
9290,257,421,331
9296,260,419,333
9302,262,416,336
9308,265,413,339
9314,268,410,339
9320,271,407,339
9326,274,404,339
9332,277,401,339
9341,280,397,338
9347,282,397,336
9353,284,397,334
9359,287,396,331
9365,289,396,329
9371,289,397,328
9377,285,401,328
9383,281,405,328
9389,278,406,328
9395,274,406,328
9401,273,406,328
9407,273,406,328
9413,273,406,328
9419,274,405,329
9425,276,401,332
9431,278,398,336
9437,281,394,340
9443,283,390,344
9449,285,387,347
9455,287,385,347
9461,290,382,347
9467,292,379,347
9473,294,376,347
9479,297,373,347
9485,299,370,348
9491,302,367,348
9499,303,364,347
9505,307,361,347
9511,311,357,347
9517,314,353,347
9523,318,349,347
9530,321,346,348
9536,325,343,348
9542,328,339,348
9548,332,336,348
9554,335,332,348
9560,338,329,348
9566,342,326,348
9572,345,322,348
9578,349,319,348
9584,349,318,350
9590,348,316,353
9596,347,314,356
9602,347,312,358
9610,346,310,361
9616,350,306,362
9622,354,302,364
9628,358,298,366
9634,362,294,368
9640,366,290,370
9646,369,287,372
9652,373,283,374
9660,377,279,375
9666,373,276,374
9672,369,272,373
9678,365,272,372
9684,361,272,371
9690,360,271,371
9696,364,267,372
9702,368,263,374
9708,372,259,375
9714,376,255,376
9720,380,251,377
9726,384,247,378
9732,388,244,378
9740,388,242,377
9746,384,246,376
9752,380,250,374
9758,376,254,372
9764,372,258,370
9771,370,260,370
9777,370,262,371
9783,369,263,372
9789,369,265,373
9795,368,266,373
9801,368,267,373
9807,367,269,373
9814,366,270,373
9821,365,272,372
9827,364,274,372
9833,362,276,372
9839,360,278,371
9845,358,280,371
9851,357,282,371
9857,355,284,371
9863,353,286,371
9869,352,288,372
9875,351,288,372
9881,350,289,372
9887,349,290,372
9893,348,290,372
9899,347,292,371
9905,346,295,370
9911,345,297,368
9917,343,300,367
9923,342,303,365
9929,340,306,364
9935,339,308,363
9942,338,311,363
9948,336,313,363
9954,335,314,363
9960,333,316,363
9966,332,318,363
9972,330,320,363
9978,329,321,363
9984,328,322,363
9990,327,323,363
9996,326,324,363
10002,325,325,363
10008,324,327,363
10014,323,328,363
10020,322,329,363
10029,321,331,362
10035,319,333,362
10041,318,334,361
10047,317,336,360
10053,316,338,360
10059,315,339,360
10065,314,340,360
10071,314,340,360
10077,313,341,360
10083,312,342,360
10089,311,343,360
10095,310,344,360
10101,309,345,360
10107,309,346,361
10113,306,348,363
10119,302,350,366
10125,298,353,369
10131,294,355,372
10137,291,357,374
10143,287,361,378
10149,283,365,382
10155,280,368,385
10161,276,372,389
10167,272,376,393
10173,268,380,397
10179,264,384,401
10185,261,385,403
10191,259,382,403
10198,257,379,403
10204,255,376,403
10210,252,375,403
10216,251,374,404
10222,250,373,404
10228,249,372,404
10234,248,371,404
10240,248,370,404
10246,247,368,404
10252,246,368,404
10258,245,368,404
10264,244,368,404
10270,243,369,405
10276,241,370,407
10283,239,371,408
10289,238,372,410
10296,237,373,412
10302,234,374,414
10308,231,375,417
10314,229,376,420
10320,226,377,423
10326,224,378,425
10332,221,380,428
10338,218,380,430
10344,215,380,430
10350,217,377,428
10356,221,373,424
10362,225,369,420
10368,229,365,416
10377,233,360,412
10383,234,359,411
10389,234,357,411
10395,235,356,410
10401,236,354,409
10407,236,353,409
10413,237,351,408
10419,238,350,407
10427,239,347,406
10433,243,347,403
10439,247,347,399
10445,251,347,395
10451,255,347,391
10457,258,347,388
10463,262,346,384
10469,266,346,380
10475,268,345,378
10481,270,344,378
10487,271,343,377
10493,272,342,377
10499,273,341,376
10505,275,340,375
10511,277,339,374
10517,279,338,373
10523,281,337,372
10529,283,335,371
10535,285,334,370
10541,287,333,369
10547,289,332,368
10554,290,330,367
10560,294,328,365
10566,298,326,363
10572,302,324,361
10578,306,322,359
10584,307,320,358
10590,310,319,356
10596,314,317,355
10602,317,316,353
10608,321,314,351
10614,324,313,350
10620,327,311,348
10626,330,310,347
10633,333,308,345
10639,334,308,344
10645,335,308,343
10651,336,307,342
10657,336,307,341
10663,338,306,340
10669,340,305,339
10675,343,303,338
10681,346,301,337
10687,349,300,336
10693,352,298,335
10699,355,296,334
10705,358,294,333
10713,361,292,332
10719,361,292,332
10725,361,292,332
10731,361,291,332
10737,361,291,332
10743,362,290,331
10749,365,289,330
10755,368,288,329
10761,371,287,327
10767,375,286,326
10773,378,285,324
10779,381,284,323
10785,385,284,321
10792,387,285,321
10798,386,285,321
10804,386,285,322
10810,386,286,323
10816,386,286,324
10822,385,287,326
10828,385,287,326
10834,385,287,327
10840,385,287,327
10846,385,287,328
10852,385,286,328
10858,385,286,328
10864,385,286,328
10872,384,287,329
10878,382,288,330
10884,379,289,331
10890,376,290,332
10896,373,292,333
10902,372,293,334
10908,371,293,334
10914,371,293,334
10920,370,294,334
10926,369,294,334
10932,369,294,334
10938,368,295,335
10944,367,295,335
10950,366,295,335
10956,364,296,337
10962,360,296,341
10968,357,296,344
10974,353,297,348
10980,349,297,352
10986,347,297,354
10992,343,297,358
10998,339,297,362
11004,335,297,366
11010,332,297,369
11016,328,297,373
11022,324,297,377
11028,320,297,381
11034,317,297,384
11040,313,297,388
11046,309,297,392
11052,306,297,395
11058,302,297,399
11064,298,297,403
11070,294,297,407
11076,290,297,411
11082,288,298,413
11088,284,298,417
11094,281,299,420
11100,278,300,424
11106,274,300,428
11112,272,301,430
11118,270,301,434
11124,268,302,438
11130,266,302,442
11136,264,302,445
11142,262,303,449
11148,260,303,453
11154,258,303,457
11161,256,304,460
11167,253,306,462
11173,250,308,464
11179,247,310,466
11185,244,313,468
11191,242,314,470
11197,241,316,471
11203,239,317,472
11209,237,319,473
11215,235,320,474
11222,234,321,475
11228,232,323,476
11234,230,324,477
11240,229,326,478
11246,231,326,474
11252,231,327,470
11258,231,328,466
11264,231,328,463
11271,230,330,462
11277,230,330,461
11283,230,331,460
11289,230,332,459
11295,230,333,458
11301,230,334,456
11307,230,334,456
11313,230,334,456
11319,230,334,456
11325,229,336,454
11331,229,339,452
11337,229,341,449
11343,228,344,447
11350,227,346,445
11356,225,349,445
11362,222,352,445
11368,220,355,445
11374,218,358,445
11380,215,361,445
11386,214,364,444
11392,214,367,444
11398,214,369,444
11404,216,367,442
11410,220,363,438
11416,224,359,434
11422,228,355,430
11428,231,353,427
11435,231,355,425
11441,231,358,422
11447,231,361,419
11453,231,361,416
11459,231,361,414
11465,232,361,411
11471,232,361,408
11478,232,361,405
11484,235,359,403
11490,239,355,401
11496,243,351,398
11502,247,347,395
11508,249,344,393
11514,252,344,390
11520,255,343,387
11526,258,342,383
11532,261,341,379
11538,264,340,375
11544,267,340,371
11550,270,340,367
11556,273,340,363
11563,276,338,361
11569,280,334,359
11575,284,330,358
11581,288,326,356
11589,292,323,354
11595,295,324,351
11601,298,324,348
11607,300,324,346
11613,303,324,343
11619,306,324,340
11625,309,324,337
11631,312,324,334
11639,315,323,331
11645,317,322,329
11651,318,321,327
11657,319,320,324
11663,321,318,322
11669,322,317,319
11675,323,316,317
11681,325,316,315
11687,327,314,312
11693,330,311,309
11699,334,307,305
11705,338,303,301
11711,342,299,297
11717,344,296,295
11723,348,296,299
11729,352,296,303
11735,355,296,306
11741,359,296,310
11747,363,296,314
11753,367,296,318
11759,371,296,322
11767,373,295,325
11773,377,295,322
11779,380,294,320
11785,384,293,318
11791,387,292,316
11797,390,292,314
11803,392,292,312
11809,395,292,310
11815,397,292,308
11821,399,292,306
11827,402,292,304
11833,404,292,302
11839,407,292,302
11846,409,292,303
11852,406,292,305
11858,403,292,308
11864,400,292,311
11870,397,292,314
11877,394,291,316
11883,395,291,316
11889,395,290,316
11895,395,290,317
11901,395,289,317
11907,395,289,317
11913,395,288,317
11919,395,288,317
11925,394,289,318
11931,391,289,320
11937,388,289,322
11943,385,289,325
11949,383,289,327
11957,380,290,329
11963,380,290,328
11969,380,290,328
11975,380,291,327
11981,380,291,327
11987,380,291,327
11993,380,291,327
11999,380,291,327
12007,379,292,328
12013,377,292,330
12019,374,292,333
12025,371,293,335
12032,368,293,338
12038,366,292,340
12044,362,290,344
12050,358,287,348
12056,354,285,352
12062,350,282,356
12068,346,280,360
12075,342,279,364
12081,338,279,368
12087,335,278,371
12093,331,274,375
12099,327,270,379
12105,323,266,383
12111,319,262,387
12118,317,260,390
12124,316,258,394
12130,314,257,398
12136,313,255,402
12142,311,253,406
12148,310,251,410
12154,308,250,414
12160,307,248,417
12167,306,248,421
12173,305,249,422
12179,304,251,424
12185,304,252,426
12191,303,253,428
12197,301,254,430
12203,298,254,433
12209,294,254,437
12215,290,254,441
12221,286,254,445
12227,282,254,449
12233,278,254,453
12239,274,254,457
12247,271,255,461
12253,271,255,461
12259,271,256,462
12265,270,257,463
12271,270,258,464
12277,270,259,465
12283,269,259,466
12289,269,259,467
12295,268,260,469
12301,266,263,471
12307,264,267,474
12313,262,271,477
12319,259,275,480
12325,259,277,478
12331,259,277,478
12337,259,278,478
12343,259,278,478
12349,259,279,478
12355,259,279,478
12361,259,280,478
12367,259,280,478
12375,258,282,479
12381,254,286,480
12387,250,290,482
12393,246,294,483
12399,242,298,485
12405,240,300,486
12411,236,304,488
12417,233,307,490
12423,229,311,492
12429,225,315,494
12435,221,319,496
12441,217,323,498
12447,213,327,499
12454,210,331,498
12460,213,332,495
12466,217,333,491
12472,221,333,487
12478,225,333,483
12484,227,334,480
12490,224,338,479
12496,221,342,477
12502,221,346,475
12508,221,350,473
12514,221,354,471
12520,221,358,469
12526,221,362,467
12534,222,365,465
12540,226,363,462
12546,229,361,459
12552,233,358,455
12558,237,356,451
12564,238,357,448
12570,238,361,444
12576,238,365,440
12582,238,369,436
12588,238,372,433
12594,239,376,429
12600,239,380,425
12606,239,384,421
12614,240,387,416
12620,244,383,412
12626,248,379,408
12632,251,376,405
12638,255,372,401
12644,257,372,399
12650,260,375,396
12656,263,378,393
12662,266,381,390
12668,269,381,387
12674,272,381,384
12680,275,381,381
12686,278,381,378
12693,280,380,375
12699,283,378,373
12705,286,375,370
12711,289,372,367
12717,291,369,364
12723,293,367,362
12729,296,364,359
12735,299,361,356
12741,302,358,353
12747,305,355,350
12753,308,352,347
12759,311,349,344
12765,314,346,341
12773,317,343,338
12779,320,340,335
12785,323,337,332
12791,326,334,331
12797,329,331,331
12803,331,332,330
12809,335,336,326
12815,339,340,322
12821,343,344,318
12827,347,348,314
12833,351,352,310
12839,355,356,306
12845,359,360,302
12853,362,361,298
12859,366,364,295
12865,370,367,291
12871,374,371,287
12877,378,374,283
12883,382,378,279
12889,385,380,276
12895,389,380,272
12901,392,379,269
12907,395,376,266
12913,398,373,263
12919,401,370,260
12925,404,367,257
12931,403,366,258
12937,400,363,261
12943,397,360,264
12949,394,357,267
12955,391,354,270
12961,388,351,273
12967,385,348,276
12973,382,345,279
12981,380,343,280
12987,384,343,276
12993,388,343,272
12999,392,342,268
13005,396,342,264
13011,398,341,262
13017,400,338,260
13023,403,335,257
13029,406,332,254
13035,409,329,251
13041,412,326,248
13047,415,326,245
13053,418,326,242
13060,420,327,241
13066,417,329,243
13072,414,331,246
13078,411,331,249
13084,408,331,252
13090,406,331,254
13096,403,331,257
13102,400,331,259
13108,397,331,262
13114,394,331,265
13120,391,331,268
13126,388,331,271
13132,385,331,274
13139,382,331,277
13145,380,331,279
13151,377,331,282
13157,374,331,285
13163,371,331,288
13169,368,331,291
13175,365,331,294
13181,362,331,297
13187,360,331,299
13193,357,331,302
13199,354,331,305
13205,351,331,308
13211,348,331,311
13218,344,331,315
13224,342,331,317
13230,339,331,320
13236,336,331,323
13242,333,331,326
13250,331,331,329
13256,331,331,331
13262,331,331,331
13268,331,331,331
13274,331,331,331
13280,331,331,331
13286,331,331,331
13292,331,331,331
13298,331,331,331
13304,331,331,331
13310,331,331,331
13316,331,331,331
13322,331,331,331
13329,331,331,331
13335,331,331,331
13341,331,331,331
13347,331,331,331
13353,331,331,331
13359,331,331,331
13365,331,331,331
13371,331,331,331
13377,331,331,331
13383,331,331,331
13389,331,331,331
13395,331,331,331
13401,331,331,331
13409,332,330,332
13415,336,326,336
13421,340,322,340
13427,344,318,344
13433,348,314,348
13440,352,310,352
13446,356,306,356
13452,356,302,360
13458,357,300,363
13464,357,296,367
13470,358,292,371
13476,359,288,375
13483,360,284,379
13489,361,280,383
13495,361,276,387
13501,361,272,391
13507,360,270,394
13513,356,266,397
13519,352,262,401
13526,348,258,405
13532,344,254,409
13538,342,252,412
13544,341,254,415
13550,341,255,418
13556,340,257,421
13562,339,257,424
13568,339,257,427
13574,338,257,430
13580,337,257,433
13586,336,256,435
13592,333,255,439
13598,330,255,443
13604,327,254,447
13611,324,253,451
13617,322,252,454
13623,320,252,458
13629,318,251,462
13635,316,251,466
13641,315,250,470
13647,313,250,474
13654,311,249,478
13660,309,249,482
13666,308,250,480
13672,306,252,479
13678,305,254,479
13684,303,256,479
13690,302,258,479
13696,301,260,480
13702,298,262,480
13708,294,265,481
13714,290,268,482
13720,286,271,483
13726,283,274,484
13732,279,277,485
13739,275,279,485
13746,273,280,486
13752,270,282,487
13758,266,285,488
13764,263,288,490
13770,259,291,491
13776,258,293,491
13782,257,294,488
13788,255,296,484
13794,254,298,480
13800,252,300,476
13806,251,302,472
13812,250,304,468
13818,248,306,464
13824,248,307,464
13830,248,309,462
13836,248,313,458
13842,248,316,454
13848,248,320,450
13856,249,324,446
13862,247,327,445
13868,246,329,443
13874,245,332,441
13880,244,335,439
13886,243,338,437
13892,242,341,435
13898,242,344,433
13906,243,346,431
13912,244,347,429
13918,245,349,425
13924,247,350,421
13930,248,352,417
13936,249,354,414
13942,249,358,410
13948,249,362,407
13954,249,365,404
13960,249,369,400
13966,249,373,396
13972,249,377,392
13978,249,378,389
13986,250,377,385
13992,254,375,382
13998,257,373,379
14004,261,371,376
14010,265,368,373
14016,266,369,371
14022,267,372,368
14028,268,375,364
14034,268,378,361
14040,269,381,358
14046,270,382,354
14052,270,382,351
14058,271,382,347
14064,272,381,346
14070,275,379,345
14076,277,377,344
14082,279,375,343
14088,282,373,342
14094,284,371,342
14100,287,370,341
14106,289,370,340
14113,292,371,339
14119,293,372,336
14125,295,373,333
14131,296,375,330
14137,298,376,327
14143,300,376,325
14149,301,373,327
14155,302,369,327
14161,303,366,327
14167,304,363,327
14173,305,359,327
14179,306,358,327
14185,307,358,327
14193,309,359,326
14199,311,360,323
14205,313,361,321
14211,314,362,318
14217,316,363,315
14225,319,364,313
14231,320,363,312
14237,322,362,312
14243,324,361,311
14249,326,360,310
14255,327,359,310
14261,329,358,309
14267,331,358,308
14273,332,357,308
14279,332,357,309
14285,332,356,309
14291,333,355,309
14297,333,354,309
14303,334,353,308
14309,335,353,308
14315,336,352,308
14321,337,351,307
14327,338,350,307
14333,339,349,307
14339,339,348,307
14345,339,348,307
14353,338,347,308
14359,337,347,309
14365,335,346,311
14371,334,346,313
14377,332,345,315
14383,332,345,316
14389,332,344,316
14395,332,344,317
14401,332,343,317
14407,332,343,318
14413,332,342,319
14419,332,342,319
14425,332,342,319
14433,331,341,321
14439,328,339,323
14445,327,336,326
14451,327,333,329
14457,327,333,332
14464,329,332,332
14470,331,331,331
14476,331,331,331
14482,331,331,331
14488,331,331,331
14494,331,331,331
14500,331,331,331
14507,331,331,331
14513,332,330,330
14519,335,330,328
14525,339,329,325
14531,342,329,322
14537,346,328,319
14543,348,328,318
14550,349,328,316
14556,351,328,315
14562,352,328,314
14568,354,328,313
14574,355,327,312
14580,357,327,310
14586,358,327,309
14593,359,326,310
14599,355,325,313
14605,351,324,317
14611,347,323,321
14617,343,322,325
14623,342,323,327
14629,341,324,329
14635,340,325,330
14641,339,326,332
14647,338,327,334
14653,337,327,335
14659,337,327,337
14665,336,327,339
14671,335,328,341
14678,333,328,342
14684,332,329,343
14690,330,329,344
14696,329,330,345
14702,328,330,346
14708,326,330,347
14714,325,330,348
14720,324,329,349
14726,322,329,351
14732,320,329,354
14738,318,328,356
14744,316,328,359
14750,315,329,360
14756,315,329,360
14763,315,329,360
14769,314,330,360
14775,314,330,360
14781,313,330,361
14787,313,330,361
14793,313,330,361
14799,312,329,362
14806,311,329,364
14812,309,329,367
14818,307,328,370
14824,305,328,372
14830,303,327,374
14836,302,327,377
14842,300,327,380
14848,299,326,382
14854,297,326,385
14860,295,326,388
14866,293,326,391
14872,292,326,394
14879,290,325,397
14885,290,325,397
14891,290,325,397
14897,290,325,397
14903,290,325,397
14909,289,324,398
14915,289,324,399
14921,288,323,401
14927,288,322,403
14934,287,322,404
14940,287,321,406
14946,286,321,408
14952,286,321,410
14958,285,322,411
14964,285,322,412
14970,284,322,413
14976,284,322,414
14982,283,322,415
14989,283,321,417
14995,282,321,418
15001,281,321,419
15007,280,321,420
15013,279,321,421
15019,278,321,422
15025,277,321,424
15031,277,321,425
15037,276,321,425
15043,275,322,423
15049,273,323,420
15055,272,323,417
15062,270,324,414
15068,271,324,411
15074,271,324,411
15080,272,324,411
15086,272,324,410
15092,273,324,410
15098,273,324,410
15104,273,324,409
15110,273,324,409
15116,273,324,409
15122,274,325,408
15128,275,326,405
15134,276,327,403
15140,278,327,400
15149,279,328,398
15155,279,327,398
15161,280,326,398
15167,280,326,398
15173,281,325,398
15179,281,325,398
15185,282,325,398
15191,282,325,398
15199,284,326,397
15205,284,326,396
15211,285,327,395
15217,286,328,393
15223,286,328,392
15229,288,329,390
15235,288,329,389
15241,290,329,388
15247,291,329,387
15253,292,329,385
15259,293,329,384
15265,294,329,382
15271,294,329,381
15277,294,329,380
15283,295,328,379
15289,297,328,377
15295,299,328,375
15301,301,327,373
15307,302,327,372
15313,304,327,370
15319,304,327,369
15325,304,327,367
15331,305,326,366
15337,306,326,365
15343,307,326,364
15349,308,325,363
15356,309,326,362
15362,309,326,362
15368,308,327,362
15374,308,328,362
15380,307,329,362
15386,307,330,362
15392,307,330,361
15398,307,330,361
15406,308,329,360
15412,310,329,359
15418,312,328,357
15424,314,328,355
15430,316,327,353
15436,318,327,351
15442,320,326,351
15448,321,325,350
15454,322,325,350
15460,324,324,349
15466,325,323,349
15472,326,323,348
15478,328,323,348
15484,327,322,347
15490,326,322,348
15496,325,322,350
15502,324,322,351
15508,323,322,351
15515,323,321,350
15521,324,321,350
15527,325,321,349
15533,326,321,348
15539,328,320,347
15545,329,320,346
15551,329,320,345
15557,329,320,345
15565,330,319,344
15571,331,318,344
15577,333,317,344
15583,334,316,343
15589,336,315,343
15595,336,314,342
15601,336,314,342
15607,335,315,343
15613,334,315,343
15619,334,316,344
15625,334,316,344
15631,334,316,345
15637,334,316,345
15645,333,315,346
15651,333,315,346
15657,332,315,347
15663,331,315,348
15669,330,315,349
15676,329,315,350
15682,329,315,350
15688,329,315,350
15694,328,315,351
15700,328,315,351
15706,328,315,351
15712,327,315,352
15718,327,315,352
15724,326,316,353
15730,326,316,353
15736,325,316,353
15742,325,317,354
15748,324,317,354
15756,323,316,355
15762,323,316,355
15768,322,316,356
15774,321,315,357
15780,321,315,358
15787,320,315,359
15793,320,315,359
15799,320,315,359
15805,319,316,360
15811,319,316,360
15817,318,316,360
15823,317,317,361
15830,317,317,361
15836,316,316,363
15842,316,316,363
15848,316,316,364
15854,315,315,365
15860,315,315,366
15866,314,315,367
15872,314,315,367
15878,314,315,367
15886,313,316,368
15892,313,316,368
15898,312,316,368
15904,312,316,369
15910,311,316,369
15916,311,316,369
15922,311,316,369
15928,311,316,369
15934,310,317,370
15940,310,317,370
15946,310,317,370
15952,309,317,371
15958,309,317,371
15964,308,318,370
15970,308,318,370
15976,307,319,370
15982,307,319,370
15988,306,320,370
15994,306,320,370
16000,306,320,370
16006,306,320,370
16013,305,320,371
16019,305,320,371
16025,305,320,371
16031,304,320,372
16037,304,320,372
16043,303,320,373
16049,303,320,373
16055,303,320,373
16061,303,320,373
16067,303,320,373
16073,303,320,373
16079,303,320,373
16086,303,320,373
16092,304,319,372
16098,304,319,372
16104,305,319,371
16110,306,319,371
16116,307,319,370
16122,307,318,371
16128,307,318,371
16134,307,318,371
16140,307,317,371
16146,307,317,371
16152,307,317,371
16158,307,317,371
16164,307,317,371
16171,307,317,371
16177,308,318,370
16183,309,318,369
16189,309,318,368
16195,310,318,367
16201,311,317,367
16207,311,317,367
16214,312,317,366
16220,312,317,366
16226,313,317,366
16232,313,317,365
16238,314,317,365
16244,314,317,365
16252,316,318,364
16258,316,318,364
16264,316,318,363
16270,316,318,363
16276,316,319,362
16282,315,319,363
16288,315,319,363
16294,315,319,363
16300,315,319,363
16306,314,319,363
16312,314,319,363
16318,314,319,363
16324,314,319,363
16330,314,319,363
16336,313,320,362
16342,313,320,362
16348,312,321,362
16354,312,322,361
16360,311,323,361
16366,312,323,360
16372,312,323,360
16378,312,323,360
16384,312,323,359
16390,312,323,359
16396,312,324,359
16402,312,324,359
16408,312,324,359
16414,311,324,360
16420,311,324,360
16427,310,324,361
16433,310,324,361
16439,309,324,362
16445,309,325,362
16451,309,325,362
16457,308,325,362
16463,308,326,362
16470,308,326,362
16476,307,326,362
16482,307,326,362
16488,307,326,362
16494,308,327,361
16500,308,327,361
16506,309,327,360
16512,309,327,359
16518,310,327,359
16524,310,327,358
16530,310,327,358
16536,310,327,358
16542,311,326,359
16548,311,325,359
16555,312,325,359
16561,312,324,359
16567,313,323,359
16573,314,323,358
16579,314,323,358
16585,314,324,358
16591,314,324,357
16598,314,324,357
16604,314,325,357
16610,314,325,357
16616,314,325,357
16622,315,325,356
16628,315,325,356
16634,315,325,355
16640,315,325,355
16646,315,325,354
16652,316,324,355
16658,316,324,355
16664,316,324,355
16670,316,324,355
16676,316,324,355
16683,316,324,355
16689,316,324,355
16695,316,324,355
16701,315,323,356
16707,315,322,357
16713,314,322,359
16719,314,321,360
16726,313,320,361
16732,313,320,361
16738,313,320,361
16744,313,320,361
16750,313,320,361
16756,313,320,361
16762,313,320,361
16768,313,320,361
16774,313,320,361
16780,312,321,360
16786,310,325,356
16792,308,329,352
16798,306,333,348
16804,304,337,344
16811,302,340,342
16817,300,344,338
16823,298,348,334
16829,296,352,330
16835,294,356,326
16841,292,360,322
16847,290,364,318
16854,288,368,314
16860,287,371,312
16866,288,372,312
16872,289,374,312
16878,290,376,311
16884,291,378,311
16890,292,379,310
16896,291,380,310
16902,290,382,310
16908,289,384,309
16914,288,386,309
16920,288,387,309
16926,288,389,308
16932,288,391,308
16939,289,393,307
16945,290,394,307
16951,291,396,307
16957,292,398,307
16963,293,399,307
16969,293,400,306
16975,293,401,306
16982,292,401,306
16988,292,402,305
16994,292,403,305
17000,292,404,305
17006,292,404,305
17012,292,404,305
17018,293,402,306
17024,294,399,308
17030,295,396,310
17036,296,392,311
17042,298,389,313
17048,299,386,314
17054,299,386,314
17060,300,385,314
17067,301,384,314
17073,301,384,314
17079,302,383,314
17085,303,382,314
17091,303,382,314
17099,302,380,315
17105,302,378,316
17111,302,377,318
17117,301,375,320
17123,301,373,322
17129,301,371,324
17135,301,369,326
17141,301,368,327
17147,300,367,328
17153,300,366,329
17159,300,365,330
17165,300,365,331
17171,300,364,332
17177,301,362,334
17183,301,360,335
17189,302,358,336
17195,303,357,337
17201,303,355,339
17207,304,353,340
17213,304,351,341
17219,304,351,341
17226,305,350,342
17232,305,349,343
17238,305,347,344
17244,305,346,346
17250,305,344,347
17256,305,342,348
17262,305,340,351
17268,305,337,354
17274,305,335,357
17280,305,333,359
17286,305,330,362
17292,305,328,364
17298,305,327,365
17306,304,326,366
17312,304,326,366
17318,304,325,367
17324,303,325,367
17330,303,324,368
17337,303,323,370
17343,303,322,371
17349,303,320,373
17355,303,319,375
17361,303,317,377
17367,303,316,379
17373,303,315,380
17379,303,315,380
17385,304,314,381
17391,304,314,381
17397,305,313,381
17403,305,312,381
17409,306,312,381
17416,305,310,382
17422,305,309,383
17428,305,308,385
17434,304,306,387
17440,304,305,389
17446,304,303,391
17452,304,303,392
17458,304,303,392
17466,305,304,391
17472,305,305,390
17478,305,306,388
17484,305,307,386
17490,305,308,385
17496,306,309,385
17502,306,307,386
17508,306,306,387
17514,307,305,388
17520,307,304,389
17526,307,303,389
17532,307,303,389
17538,307,303,389
17545,306,304,388
17551,306,305,387
17557,306,306,386
17563,305,308,384
17569,305,309,383
17575,304,310,383
17581,304,309,384
17587,304,308,385
17593,304,307,386
17599,304,306,387
17605,304,306,388
17611,304,306,388
17617,304,306,388
17623,304,306,388
17629,304,307,387
17635,304,309,385
17641,304,311,383
17647,304,313,381
17655,304,315,378
17661,304,315,378
17667,304,315,378
17673,304,315,378
17679,304,315,378
17685,304,315,378
17691,304,316,377
17697,304,316,377
17705,303,317,376
17711,303,318,375
17717,302,320,374
17723,301,322,372
17729,300,324,371
17735,299,326,369
17741,299,328,368
17747,299,330,366
17754,298,331,365
17760,295,334,362
17766,292,338,358
17772,289,342,354
17778,286,346,350
17784,284,349,347
17790,282,353,343
17796,281,356,340
17802,279,360,336
17808,277,364,332
17814,275,368,328
17820,273,372,324
17826,271,376,320
17833,269,380,316
17839,269,380,316
17845,269,381,315
17851,270,382,314
17857,270,383,313
17863,269,385,311
17869,268,389,310
17875,267,392,309
17881,266,395,308
17887,264,399,306
17893,264,402,305
17899,264,406,303
17905,264,409,302
17913,265,413,301
17920,266,415,301
17926,267,417,301
17932,268,419,301
17938,269,421,301
17944,270,423,300
17950,270,423,300
17956,270,423,300
17963,270,423,300
17969,270,423,300
17975,271,423,300
17981,271,424,299
17987,271,424,299
17993,272,423,300
17999,273,419,303
18006,274,415,306
18012,275,411,309
18018,276,410,312
18024,277,409,314
18030,277,408,314
18036,277,406,315
18042,278,404,316
18048,278,403,317
18054,278,401,318
18060,279,400,319
18066,279,400,320
18074,280,399,322
18080,281,396,323
18086,282,393,324
18092,283,390,325
18098,285,387,327
18104,286,385,328
18110,288,383,328
18116,290,380,329
18122,292,377,329
18128,294,374,330
18134,296,371,330
18140,298,369,331
18146,299,366,331
18152,300,363,332
18158,303,360,332
18164,305,357,333
18170,308,353,334
18176,310,351,334
18182,312,348,336
18188,313,346,336
18194,314,344,337
18200,315,342,338
18206,316,340,338
18212,318,338,339
18219,319,336,340
18225,320,334,340
18232,321,332,341
18238,321,331,342
18244,320,330,344
18250,320,328,346
18256,320,327,348
18262,321,325,350
18268,322,322,351
18274,323,319,353
18280,324,316,355
18286,325,313,357
18292,326,310,359
18298,326,307,361
18304,326,306,363
18312,325,305,364
18318,325,304,365
18324,325,303,366
18330,325,302,368
18336,325,301,369
18342,325,300,371
18348,325,300,371
18354,325,300,371
18360,326,299,372
18366,327,297,373
18372,328,295,374
18378,329,293,375
18384,331,291,376
18390,330,291,376
18396,329,293,375
18402,328,295,374
18408,327,297,373
18414,325,299,371
18420,325,301,371
18426,325,301,371
18432,325,301,371
18440,326,300,372
18446,326,298,373
18452,327,296,375
18458,328,294,377
18464,328,292,379
18470,329,291,380
18476,329,291,380
18482,329,290,381
18488,329,290,381
18494,329,289,382
18500,329,289,382
18506,329,288,383
18512,329,288,383
18519,328,288,384
18525,328,289,383
18531,327,290,383
18537,326,291,382
18543,326,292,381
18549,325,293,382
18555,325,292,382
18561,325,292,383
18567,325,291,384
18573,325,290,384
18579,325,289,384
18585,325,289,384
18591,325,289,384
18599,326,290,383
18605,326,291,382
18611,326,292,380
18617,327,294,378
18623,327,295,376
18629,326,297,374
18635,325,301,370
18641,324,305,366
18647,323,308,363
18653,322,312,359
18659,321,316,355
18665,321,320,351
18671,321,324,347
18678,320,328,346
18684,317,331,342
18690,314,334,339
18696,310,338,335
18702,306,342,331
18708,304,345,329
18714,304,349,325
18720,304,353,321
18726,303,357,317
18732,303,360,314
18738,303,364,310
18744,302,368,306
18750,302,372,302
18756,303,375,300
18762,303,379,297
18768,303,383,295
18774,303,386,293
18780,303,390,290
18787,302,394,288
18793,302,397,286
18799,301,401,284
18805,300,405,282
18811,299,409,280
18817,298,412,279
18823,298,416,277
18829,298,420,275
18837,297,424,273
18843,297,427,272
18849,296,431,272
18855,296,434,272
18861,295,437,272
18869,295,439,273
18875,298,436,276
18881,301,433,279
18887,304,430,282
18893,304,427,285
18899,304,424,288
18905,304,422,290
18911,304,419,292
18918,305,416,293
18924,307,414,295
18930,310,411,298
18936,313,408,301
18942,316,405,304
18948,319,402,307
18954,322,399,310
18960,325,396,313
18966,328,393,316
18972,330,391,318
18978,331,388,321
18984,331,385,324
18990,331,382,327
18996,331,380,329
19002,331,377,331
19008,331,374,331
19014,331,371,331
19020,331,368,331
19026,331,365,331
19032,331,363,331
19038,331,360,331
19044,330,360,330
19050,329,364,326
19056,327,368,322
19062,326,372,318
19068,325,376,314
19074,324,379,311
19080,322,381,309
19086,320,385,305
19092,317,389,301
19098,314,393,297
19104,311,397,293
19110,309,401,289
19116,307,404,286
19122,307,408,282
19128,306,407,283
19134,305,403,287
19140,303,399,291
19146,302,395,295
19152,300,391,299
19158,299,389,301
19164,298,388,304
19170,296,387,307
19176,295,386,310
19182,294,384,313
19188,292,383,316
19194,291,382,319
19200,291,381,321
19206,292,379,323
19212,292,379,323
19218,292,379,323
19224,292,378,323
19230,292,378,323
19236,291,377,324
19243,291,375,326
19249,291,373,329
19255,290,371,331
19261,290,369,334
19267,290,367,336
19273,290,364,339
19279,290,362,341
19286,289,360,343
19292,288,356,347
19298,286,352,351
19304,285,349,355
19310,283,345,359
19316,282,342,362
19322,281,339,366
19328,281,336,369
19334,280,333,373
19340,279,330,377
19346,279,327,381
19352,278,324,385
19358,277,321,389
19365,278,318,392
19371,278,318,392
19377,279,317,392
19383,280,316,393
19389,281,315,393
19395,282,314,394
19401,282,311,398
19407,281,308,402
19414,281,305,406
19420,281,302,410
19426,281,299,414
19432,281,296,418
19438,281,293,422
19444,281,290,425
19450,281,290,425
19456,281,290,426
19462,281,290,427
19468,281,289,427
19475,280,288,428
19481,280,287,430
19487,280,286,433
19493,279,284,435
19499,279,283,437
19505,279,282,440
19511,279,280,442
19517,279,279,445
19525,280,277,447
19531,281,277,450
19537,282,277,450
19543,283,277,450
19549,284,277,450
19555,285,276,451
19561,285,275,452
19567,286,273,454
19573,286,272,455
19579,287,271,457
19585,287,270,458
19591,288,269,459
19597,288,269,459
19605,289,270,458
19611,289,271,455
19617,290,273,451
19623,291,275,448
19629,292,276,445
19635,293,278,441
19641,293,279,438
19647,293,279,438
19653,294,279,437
19659,294,279,436
19665,294,279,435
19671,295,279,435
19677,295,279,434
19683,296,280,433
19689,296,282,430
19695,297,284,427
19701,297,286,424
19707,298,288,421
19713,298,290,418
19719,298,291,415
19725,298,291,414
19731,299,290,414
19737,299,290,414
19743,300,290,414
19749,300,289,414
19755,301,289,414
19761,302,290,413
19767,302,290,412
19773,302,291,410
19779,303,292,408
19785,303,293,406
19791,303,294,404
19798,303,295,403
19804,303,295,403
19812,304,296,402
19818,305,296,399
19824,307,297,396
19830,309,298,393
19836,311,299,390
19842,312,300,389
19848,313,300,387
19854,315,301,385
19860,316,301,383
19866,318,302,381
19872,319,302,379
19878,321,303,377
19884,322,303,375
19891,321,304,373
19897,319,304,375
19903,317,305,376
19909,315,306,378
19915,312,306,379
19921,312,308,380
19927,312,308,378
19933,313,309,376
19939,314,310,374
19945,315,311,372
19951,315,312,370
19957,315,313,368
19963,315,313,368
19969,315,313,368
19975,316,315,366
19981,317,317,362
19987,318,320,359
19993,319,322,355
20000,320,325,353
20006,320,327,350
20012,320,330,347
20018,320,333,344
20024,321,336,340
20030,321,339,337
20036,322,342,333
20042,322,345,330
20048,322,345,327
20054,321,344,328
20060,320,340,332
20066,318,336,336
20072,317,332,340
20078,315,328,344
20084,316,328,345
20090,317,328,346
20096,318,328,346
20102,319,328,346
20108,320,328,346
20114,320,328,346
20120,320,328,346
20126,320,328,346
20132,319,329,346
20139,319,329,346
20145,319,330,346
20151,318,330,346
20157,318,331,346
20163,319,332,345
20169,319,333,344
20175,319,333,343
20182,319,334,342
20188,319,335,341
20194,319,335,340
20200,319,335,340
20206,319,335,340
20212,318,334,341
20218,317,334,342
20224,316,334,344
20230,315,333,345
20236,314,333,347
20242,313,333,348
20248,313,333,349
20254,313,333,349
20260,314,334,348
20267,314,334,348
20273,314,334,347
20279,314,335,347
20285,314,335,346
20291,315,334,347
20297,315,333,348
20303,315,331,349
20310,315,330,351
20316,315,328,352
20322,315,327,353
20328,315,327,353
20334,315,327,353
20340,314,328,354
20346,314,328,354
20352,313,328,354
20358,313,328,355
20364,312,328,355
20370,312,329,354
20376,312,329,354
20382,312,329,354
20388,312,330,354
20395,312,330,354
20401,311,330,354
20407,311,330,354
20413,311,330,354
20419,311,329,355
20425,311,328,356
20431,311,327,357
20438,311,326,358
20444,311,325,360
20450,310,325,361
20456,310,325,361
20462,310,324,361
20468,310,324,362
20474,310,324,362
20480,310,323,362
20486,310,323,363
20492,310,323,363
20498,311,322,362
20504,311,322,362
20510,312,321,362
20516,313,321,361
20523,314,320,361
20529,315,319,360
20535,315,319,360
20541,315,319,360
20547,316,319,360
20553,316,319,360
20559,316,319,360
20566,317,318,360
20572,317,318,360
20578,316,317,361
20584,316,317,362
20590,315,316,363
20596,315,316,365
20602,314,315,366
20609,315,315,367
20615,315,315,366
20621,316,315,366
20627,317,315,365
20633,317,315,364
20639,318,315,364
20645,318,315,363
20651,318,315,363
20657,319,314,364
20663,319,314,364
20669,319,313,364
20675,319,313,364
20681,319,312,364
20688,320,312,363
20694,320,312,363
20700,321,311,363
20706,322,311,363
20712,322,311,363
20718,323,310,363
20724,323,310,363
20730,323,310,363
20736,322,310,364
20742,322,310,364
20748,322,310,364
20754,322,310,364
20760,322,310,364
20767,322,311,363
20773,322,311,363
20779,322,311,363
20785,322,311,363
20791,322,312,362
20797,322,312,362
20803,322,312,362
20809,322,312,362
20815,322,313,361
20822,322,313,361
20828,322,313,360
20834,322,314,360
20840,322,314,359
20846,322,314,359
20852,322,314,359
20858,322,314,359
20866,323,315,358
20872,323,315,358
20878,323,315,357
20884,323,316,357
20890,323,316,356
20896,322,315,356
20902,322,315,357
20908,322,315,357
20914,321,315,358
20920,321,315,358
20926,321,315,359
20932,321,315,359
20938,321,315,359
20946,322,316,358
20952,322,316,357
20958,322,317,356
20964,323,318,354
20970,323,319,353
20976,324,320,352
20982,324,321,351
20988,324,322,349
20994,325,323,348
21000,325,324,347
21006,325,325,345
21012,325,326,344
21018,325,326,343
21025,324,327,343
21031,324,327,343
21037,324,327,343
21043,323,328,343
21049,323,328,343
21055,322,330,342
21061,322,331,341
21067,322,333,339
21073,322,334,338
21079,322,335,337
21085,322,337,335
21091,322,337,335
21097,322,337,335
21106,321,336,336
21112,321,335,337
21118,320,334,339
21124,319,333,341
21130,318,332,343
21136,317,333,342
21142,317,335,341
21148,316,337,340
21154,315,339,339
21160,315,341,339
21166,314,343,339
21172,313,343,339
21178,313,343,339
21184,313,342,340
21190,313,340,342
21196,313,338,344
21202,313,336,346
21208,313,334,348
21215,312,332,350
21221,311,333,350
21227,310,334,350
21233,309,335,350
21239,308,336,350
21245,307,336,350
21251,307,336,350
21257,307,336,350
21263,308,335,351
21269,309,333,352
21275,310,331,352
21281,312,329,353
21287,313,327,354
21293,313,326,356
21299,312,326,356
21305,311,326,357
21311,310,326,358
21317,309,326,359
21323,309,326,360
21329,309,326,361
21335,309,326,362
21341,309,326,363
21347,308,325,364
21353,308,325,364
21359,308,324,365
21365,308,324,366
21371,308,323,367
21377,307,323,368
21383,306,323,369
21389,305,323,370
21395,305,323,370
21401,304,323,371
21407,303,322,372
21413,303,322,372
21419,303,322,372
21425,304,321,371
21431,306,321,370
21437,308,320,368
21443,310,320,366
21449,312,319,364
21455,314,319,362
21462,315,319,361
21468,315,319,361
21474,315,319,362
21480,315,319,362
21486,315,319,362
21492,315,319,362
21498,315,319,362
21504,316,318,361
21510,316,318,361
21516,316,318,361
21522,316,318,361
21528,316,318,361
21534,316,318,361
21540,316,318,361
21547,316,318,361
21553,315,319,360
21559,315,320,360
21565,315,320,359
21571,315,321,358
21577,315,322,358
21583,316,322,357
21590,316,322,357
21596,316,323,356
21602,316,323,355
21608,316,324,354
21614,316,324,354
21620,316,324,353
21626,316,325,353
21632,317,325,352
21638,317,325,352
21644,317,325,351
21650,318,325,351
21656,318,325,350
21662,317,326,350
21668,317,326,350
21675,316,327,350
21681,316,328,350
21687,315,329,350
21693,315,329,350
21699,315,330,350
21705,315,330,350
21711,315,329,350
21718,315,329,350
21724,315,329,350
21730,315,329,350
21736,315,329,350
21742,314,330,350
